Trait,SNP,Chromosome,Position,P,MAF,nobs,Effect
Plant_height_node,TraesCS4B01G155600.1:306:C,11,278413585,6.27895855181192e-06,0.495049504950495,303,-22.8005005603872
Plant_height_node,TraesCS7B01G169500.1:1707:A,14,240330786,1.09656569039149e-05,0.151815181518152,303,10.1311105894916
Plant_height_node,TraesCS2A01G301400.1:409:A,2,516431698,8.76903982494969e-05,0.372937293729373,303,-6.69049128397651
Plant_height_spike,TraesCS4B01G155600.1:306:C,11,278413585,7.17668900958495e-06,0.495049504950495,303,-23.5286520292058
Plant_height_spike,TraesCS7B01G169500.1:1707:A,14,240330786,9.6873295571613e-06,0.151815181518152,303,10.5820022546871
Plant_height_spike,TraesCS5A01G385500.2:592:A,5,583558170,8.1146015598134e-05,0.102310231023102,303,12.6178989654686
Spike_number,TraesCS7A01G406100.1:810:T,7,589751769,6.62094288075014e-05,0.493399339933993,303,2.81273412727207
Spike_number,TraesCS6D01G184200.1:1876:T,20,229397503,0.000116329821346956,0.224422442244224,303,-0.714536402150067
Spike_number,TraesCS2B01G470800.1:346:C,9,667252346,0.000119637701596403,0.34983498349835,303,-0.75654446204358
Spike_length,TraesCS3D01G514100.1:438:G,17,598010183,2.33643094429757e-05,0.0891089108910891,303,-1.15056101836089
Spike_length,TraesCS3A01G506200.1:897:C,3,727990073,3.80007793811857e-05,0.0907590759075908,303,-1.12143788817228
Spike_length,TraesCS2A01G464300.2:917:C,2,709842720,4.49361026194892e-05,0.146864686468647,303,-0.910697253886882
Spikelet_number,TraesCS2B01G486000.3:1308:G,9,683035392,1.50512676445745e-05,0.227722772277228,303,-1.35564638456227
Spikelet_number,TraesCS2D01G593400.1:345:C,16,647968038,6.99696245927018e-05,0.475247524752475,303,2.02475558817552
Spikelet_number,TraesCS2A01G508200.1:1959:A,2,734886883,7.35002262232268e-05,0.122112211221122,303,-1.16282192474671
Peduncle_length,TraesCS4B01G374800.1:2847:C,11,658772209,3.14522883395066e-05,0.38943894389439,303,5.18943643409798
Peduncle_length,TraesCS3A01G078500.1:1095:C,3,50747409,5.40497309748824e-05,0.0924092409240924,303,-4.15603858109576
Peduncle_length,TraesCS4B01G155600.1:306:C,11,278413585,6.32998203921974e-05,0.495049504950495,303,-10.7571377253308
Leaf_length,TraesCS4A01G498600.1:1647:T,4,743949208,5.53110712273274e-05,0.174917491749175,303,-1.82202707110195
Leaf_length,TraesCS7B01G049200.1:1659:T,14,49185405,5.88935928542474e-05,0.287128712871287,303,-1.77715678849334
Leaf_length,TraesCS7A01G002000.2:2607:T,7,1370818,7.38707649876278e-05,0.132013201320132,303,-2.70631983607857
