path	bytes	sha256
.gitignore	76	43ec11d449641adf8190205102cdad1ca61a66d97d4f2beeb9b672c5a3a7c314
CITATION.cff	574	d599de7998a7504560e02a00c6179111898b717f22a84e219cb113963a5cc5e6
DATA_LICENSE.md	501	f8d96bf8a0ca5401791003e6dd8ce22bea424ba7928d4f05e62c776056434465
LICENSE	1069	028ee5ddc492aeae0586c13e60e28619329bdb27f405dc98226b54127df52865
README.md	3764	9efed17b7cd19aef0950203ca3058bf6689a64e4b79a188e735c0b250511cde4
data/associative_transcriptomics/Awn_AT_results.tsv.gz	3690235	dfeaa15cccb2bc17700425c5bcd65552fd68c481b548394b2ed7c82d5bec8fb2
data/associative_transcriptomics/Leaf_length_AT_results.tsv.gz	3659063	1c5ad5c32744d0547671097729ab86310b38c955389ee02cc5c83c7b3f4a8bb0
data/associative_transcriptomics/Peduncle_length_AT_results.tsv.gz	3687792	658d60c9aac12efa9c4facdf256eb686771d4897a9ff3ad232153e7232b160e9
data/associative_transcriptomics/Plant_height_node_AT_results.tsv.gz	3680881	5910d1f2cc4302bc532d05e57273c6107de0500406e544f976e2d59d5ba6ff30
data/associative_transcriptomics/Plant_height_spike_AT_results.tsv.gz	3684582	caa79c73f8dc07061d4684ccfb66aeb66598c435f733b2b6f52c7cdea2a3b747
data/associative_transcriptomics/Spike_length_AT_results.tsv.gz	3666146	9022e801e55f8d097946507aa70b56f3ce869407f228e67ddd4b9b8f7e71ab9a
data/associative_transcriptomics/Spike_number_AT_results.tsv.gz	3668177	a0b9081d4779949067b905bcb267fad2d1c54a4d7a20ed91bdb0f94d3e252f27
data/associative_transcriptomics/Spikelet_number_AT_results.tsv.gz	3648946	15e3511812d7fecb5a0375de18a930ff2994c5fa3210bc46cb750703ba045b46
data/genotypes/YoGI_MAF_summary_179253_SNPs.csv.gz	2851762	ca3ea7e521457e74cba660edee2a5468bc5aa35053327491d35597cfe3f4b5b3
data/genotypes/YoGI_genotypes_MAF0.05_303.hmp.txt.gz	2646986	cf0640876945304b2d3b0442ea2f19d757735624ae10b792e96689a7cc483180
data/gwas/Awn_GAPIT_MLM.csv.gz	950412	9f1f03536555317ae7600905c722088aff55f76729c422dea795f2ebae18cc65
data/gwas/GWAS_summary_by_trait.csv	1213	f46b71c7bf9ac4fc65211ce4d2fd91c883158fc3ac3019b23cfed49c729d3d7f
data/gwas/Leaf_length_GAPIT_MLM.csv.gz	969893	060a0a9aa37be3ab7b3cacb4c016197594c463608f9e669a4cad98c328de7d07
data/gwas/Peduncle_length_GAPIT_MLM.csv.gz	1005138	8cf0015fc7625f263adace5e37b83169b67f875514e1db486057b5430aafa53a
data/gwas/Plant_height_node_GAPIT_MLM.csv.gz	950953	ba1adb3501d76a9e2b55aee450a8228d27b5642c2707cd60c72800e798c9d5bc
data/gwas/Plant_height_spike_GAPIT_MLM.csv.gz	987503	7bc1921b6b07ee138f63cb9801b4c89490cad61574c3a4d95150c59b0a0287f5
data/gwas/Spike_length_GAPIT_MLM.csv.gz	1002115	5652498ab908efbe479fb436a54e9e35dc3378014a9bdc9ac3fb92cd8f6582b4
data/gwas/Spike_number_GAPIT_MLM.csv.gz	971167	3b66650425136a857565e8f94a80d7a7b9cc9c1f1e8e3b022f303adcaffb73f9
data/gwas/Spikelet_number_GAPIT_MLM.csv.gz	1021629	eada9f2187a4512d850437d268bbfbc7edf866c7c7338a5bb701e4d0888b8326
data/phenotypes/Figure2_PCA_summary_303.csv	92	c47da2a348307556927f4d526b8c354c3777b590848d429e1a80b7da8c3317c7
data/phenotypes/Figure2_Pearson_correlations_303.csv	2848	31b55ed0541c84611811e7b78aeefa4a8cab60ba1c64352a165adcd6300745ef
data/phenotypes/Figure2_source_data_303.csv	12695	863e574bbd4f64f1d8bcc3becdaa2774ea7337218288392e1ce31f0b6a99755a
data/phenotypes/YoGI_traits_303.tsv	13311	29818ff4f62465397433974ae21dec940f12ba2e4462e29aa6a9b8c25d2d052b
data/population_structure/ADMIXTURE_CV_K1_K6.csv	450	8c0baa46c560b28757064e391835ef984a8b50714ec1b6b729f11ecca74e4279
data/population_structure/Figure1_assignment_proportions_Q0.70.csv	3742	629a4d7b59ee3ce0c172381e9b26c9863022494a7187ad17b10d3cab844869ea
data/population_structure/Figure1_component_alignment_to_A.csv	477	186d979aeaeb088eea27d630733f71513261f560f911c02bc79154948193d746
data/population_structure/Figure1_individual_ancestry_K5.csv	55911	cbd618ba73b5a4e7c2d8e52b3c3692d42aacb65ae1b5583272fafd568adc2670
data/population_structure/Figure1_mean_ancestry_by_continent.csv	3160	1ed0722d2c754466cf1633c91ea31d6d803f0e3498e9c8e14fa328e80845731c
data/supplementary_tables/Table_S1_significant_awn_SNPs.csv	461	4a4b09adbd2c5ec40b8c4c5e733609b30ea9a8e43d1ee7180354177327dab192
data/supplementary_tables/Table_S2_top3_nonsignificant_SNPs.csv	2480	594a65a9214d5dbb543d3fb1085d408fb1d64a7369c60ca88ee84e0d715a2f64
docs/DATA_AVAILABILITY.md	1098	d3dde91a90e40b700b39303874efbf7492128ffb968accc740c958f79c780711
docs/DATA_DICTIONARY.md	2471	b43184af3a26e1fce863060633ae6a1f36919dcd74aad95be25c84f204e8d5c5
docs/REPRODUCIBILITY.md	1998	dcec98bd6fb3784cc9913533f97e3a8d7175296254f5014faa7e2ec6508c6d5e
environment/R_packages.tsv	150	18b88896501d1ddd9b67e6ae7bce9fc9fe1813d8c65c40c12d80e7967e2313f9
environment/SOFTWARE.md	531	d3bef04acb1772975c1ed5b5209fc701459c4b0915b0a21917d2b45db454d0fc
environment/sessionInfo.txt	1260	410dace7064de722b3e53f629ca6267bc627441a055f42dd64fc3b4a2eb2ce13
figures/Figure1_population_structure.png	232683	82a3b5dab378286f9bb5cf06b217b3c160108ec0aa2524cec570972519b2a8d1
figures/Figure2_phenotype_statistics.png	918157	baa03dbf58239601da165e075753b0aa937f140378b1265384147de57a7f6a27
figures/Figure3_awn_GWAS.png	821384	f2fdd54891f61e1c931268da1a04ea3749e799cc22eca6cfd14ffe495a1621ab
figures/Figure4_plant_height_GWAS.png	2097882	3155797e7709bec67e5274f368aed855bbd7318f038eb6e917767cd3706f87a1
figures/Figure5_spike_number_GWAS.png	2155946	a828702b3ca965cf518abca44d339978d50383d3b5b376fc3f185f19eb67d1bf
figures/FigureS1_awn_by_genotype.png	172855	69117e042b0902aeae93a7260a196064980cef144218134abec5a15a91b5f92a
figures/FigureS2_other_traits_GWAS.png	5193549	027aeef679c825e71e2139e26bc5d6aa02b1d80e28646861d43b26c18a0458e8
figures/FigureS3_associative_transcriptomics.png	5654865	fd9761f053adf37d0b0be9a7331c705a9deeef66393119575a4ebf64ba1e2016
scripts/00_install_packages.R	401	8a954a7916fcb353284c289e86931dbb6e77b2f8fde0d4da5d9240b6c6b01060
scripts/01_filter_maf_hapmap.R	4836	a056c3b8d9b43d9a2c8ee629af7317c71a9391ab172b963ad8dd01ff3fa0db83
scripts/02_run_gwas_gapit.R	1642	4414dd7ec902542ab3ced03f7169a8380518d63ed5f2e37e66ca7f77345e2b74
scripts/03_prepare_population_structure_inputs.R	3049	c1ab1edbc664d45c978a8d936d638de95d205fbcd802a3c77909602432e4ecff
scripts/04_plot_figure1.R	7201	c39511dbb6890ed572571b6c03cafbfc1627bf4a0ccbc273ae074ac400ae3d7d
scripts/05_plot_figure2.R	6370	19b5d7ec9af049ce7ee3a18dbb3b926a8c7c9a509f1b9f6ae0d47d1342f169b2
scripts/06_plot_figures3_5_S1_S2.R	11356	4df5545263d441f4c3e4f1a6f16a85c6786c589a852ed21cbb7b0423c174c04e
scripts/07_plot_figureS3_AT.R	3653	c6079ba2edfa2b753b1ae2550472b98efa3b72d12e126167bbff56fc1587f788
scripts/08_prepare_supplementary_tables.R	1330	d2e854c29c5dc683f2146bc3bf8513e0e682a02e842dbe9a5378e0aa17ae4dcf
scripts/09_build_manifest.R	902	5076e2a7bfe1838fa4a7f9bdbc9fcc7874f556b3233471f024f315eeb2a1d836
scripts/lib/read_compressed.R	485	631469d04ad1d565605496a7c21508caf3506113c9f46601c0b1bcefb84d8e48
scripts/run_all_figures.R	455	61c2450919e9444a96dd4818729210b2ac5c44fcf187bcd9dca1a011c1491cd5
scripts/vendor/gapit_functions.txt	780285	4e9c3b1e40883444502d0690cb75108f70638017789c4ff2bd8f189709f18034
