Taxa,Plant height,Peduncle length,Leaf length,Spike number,Spike length,Spikelet number,Plant height with spike,Awn
YoGI_002,103.7,34.5,36,4,9.6,16,113.3,1
YoGI_003,132.2,54.5,31.2,5,11.5,23,143.7,0
YoGI_004,78.8,37.3,32.2,4,8.1,15,86.9,1
YoGI_005,139.7,60.6,37.3,3,9.9,20,149.6,0
YoGI_006,55.4,25.8,23.9,6,10.3,13,65.7,1
YoGI_007,66.7,21,24.9,6,9.6,14,76.3,1
YoGI_008,83.6,34.1,28.7,4,9.3,17,92.9,1
YoGI_009,111.6,50.6,32.3,4,9.7,19,121.3,1
YoGI_010,87.4,46.5,37.2,4,9.9,14,97.3,1
YoGI_011,86.7,40,31.8,5,9.1,15,95.8,1
YoGI_012,100.4,37.5,31.2,5,6.8,12,107.2,1
YoGI_013,75.2,37.6,33.9,4,7.5,18,82.7,1
YoGI_014,119.2,55.8,24.8,6,10.2,19,129.4,1
YoGI_015,108.9,56.6,29.2,5,9.5,17,118.4,1
YoGI_016,136.1,60.4,32.9,3,11.3,18,147.4,1
YoGI_017,95.4,34.5,26.2,6,7.1,16,102.5,1
YoGI_018,135.8,36.9,30.7,5,4.5,12,140.3,1
YoGI_019,88,32.2,27.6,5,8.4,17,96.4,1
YoGI_020,126.2,51.7,36.5,6,12.5,22,138.7,0
YoGI_021,112.8,48.9,33.1,6,8.8,15,121.6,0
YoGI_022,82.5,32.7,29.6,6,7,11,89.5,0
YoGI_023,87.6,27.8,29.9,6,7.4,12,95,0
YoGI_024,100.4,42.1,29.1,6,8,13,108.4,0
YoGI_025,88.2,33.3,27.7,8,6.4,14,94.6,1
YoGI_026,107.6,35,32.8,6,9.2,19,116.8,0
YoGI_027,134.7,51.7,34.2,7,12.2,19,146.9,0
YoGI_028,87.4,37.3,35.5,6,8.7,15,96.1,0
YoGI_029,87.6,32.8,28.1,6,7.9,14,95.5,1
YoGI_031,122.2,47.7,26.4,4,9.4,18,131.6,1
YoGI_032,113.7,34.4,30,5,7.4,12,121.1,1
YoGI_033,100.1,41.2,29.2,7,8.2,15,108.3,1
YoGI_034,122.5,49.2,38.7,5,9.5,21,132,1
YoGI_035,91.2,44.4,33.8,5,9.7,14,100.9,1
YoGI_036,87.4,38.1,39,4,7.1,21,94.5,0
YoGI_037,119.2,53.6,32.5,5,10.7,19,129.9,0
YoGI_038,62.5,28.6,32.7,5,6.6,16,69.1,1
YoGI_039,118.5,46.7,37.8,4,8.9,15,127.4,1
YoGI_040,84.8,38.8,32.5,4,7.8,15,92.6,0
YoGI_041,80.6,36.4,19.8,6,6.9,14,87.5,1
YoGI_042,135.4,55.6,35.7,4,12.1,20,147.5,0
YoGI_043,154.3,59.9,38.8,7,8.9,19,163.2,1
YoGI_046,137.8,49.6,35.6,3,10.2,17,148,0
YoGI_047,115.9,67.7,50.3,3,12.6,22,128.5,0
YoGI_048,104.8,40,30.2,7,9.2,22,114,1
YoGI_049,104.1,35.7,28.8,4,8,18,112.1,0
YoGI_050,140.7,40.1,25.4,4,12.8,21,153.5,1
YoGI_051,79.3,26.7,24.8,12,6.6,10,85.9,1
YoGI_052,104.5,44.2,33,5,9.8,21,114.3,0
YoGI_053,154.7,57.8,24.8,6,8.8,17,163.5,1
YoGI_055,117.2,48.7,36.6,4,6.4,20,123.6,1
YoGI_056,72.1,29.7,22.6,6,7.5,14,79.6,1
YoGI_057,132.4,38.8,33.6,5,7.1,21,139.5,0
YoGI_058,119.9,37.6,31.8,2,5.9,17,125.8,1
YoGI_059,95.6,32.1,31.3,3,6.7,20,102.3,1
YoGI_060,84.5,32.7,32.2,6,7.4,15,91.9,1
YoGI_061,113.7,50.1,29.6,3,9.2,16,122.9,1
YoGI_062,90.8,36.2,30.1,5,7.6,13,98.4,1
YoGI_063,128.6,46.5,29.9,4,9.2,17,137.8,1
YoGI_064,117.9,34.7,28.4,7,7.3,21,125.2,1
YoGI_065,93.6,32.8,25.9,5,7.4,15,101,1
YoGI_066,120.5,44.4,36.4,5,10.6,25,131.1,0
YoGI_067,110.7,41,36.3,3,11,19,121.7,0
YoGI_068,116.6,55.2,30.7,7,6.6,15,123.2,1
YoGI_069,91.1,43.5,37.9,4,9.4,15,100.5,1
YoGI_070,124.7,52.6,32.5,4,10.1,17,134.8,0
YoGI_073,121.8,48.7,35.5,5,8.8,15,130.6,1
YoGI_075,83.2,28.9,31.2,6,6.8,13,90,0
YoGI_076,128.6,46.2,26,4,10.5,21,139.1,1
YoGI_077,95.5,34.9,30.7,7,8.2,14,103.7,1
YoGI_078,116.6,43.7,34.2,4,8.9,15,125.5,0
YoGI_081,65.5,34.5,31.9,3,9.9,19,75.4,1
YoGI_083,136.2,60.7,35.4,3,10.6,20,146.8,0
YoGI_084,99.3,42.5,34.4,5,9,19,108.3,0
YoGI_085,162.6,66.3,36.1,4,14.8,24,177.4,0
YoGI_086,118.4,52.3,37.8,3,8.9,21,127.3,0
YoGI_087,115.4,42.2,26.9,3,10.6,20,126,0
YoGI_088,104.7,32.1,30.5,4,9.6,25,114.3,0
YoGI_090,136.1,50,32.1,3,11.5,23,147.6,0
YoGI_092,134.2,55.5,38.2,3,12.6,22,146.8,0
YoGI_093,154.1,55.7,42.6,4,12.5,23,166.6,0
YoGI_094,150.4,56.2,38.2,3,9.2,27,159.6,1
YoGI_095,122.8,56.3,34.5,2,8.9,24,131.7,0
YoGI_096,93.5,30.5,40.8,3,9.9,24,103.4,0
YoGI_097,136.7,55.4,31.6,5,10.8,18,147.5,0
YoGI_098,116.5,44.9,35.3,5,8.7,14,125.2,0
YoGI_099,120.5,46.7,38.6,3,9.4,21,129.9,0
YoGI_100,122.2,51.1,32.4,6,7.5,25,129.7,0
YoGI_101,134.8,40.7,38.8,4,9.5,24,144.3,0
YoGI_102,112.8,50,27.9,5,10.7,20,123.5,0
YoGI_104,133,52.8,30.8,6,11.9,17,144.9,0
YoGI_106,145.9,55.1,34.9,5,11.1,25,157,0
YoGI_107,116.7,42.9,34.8,3,8.3,24,125,0
YoGI_108,127.7,47.1,32.2,3,9,26,136.7,0
YoGI_109,130.5,48.8,32.9,4,13.4,23,143.9,0
YoGI_110,117.8,44.2,33.1,4,9.5,19,127.3,1
YoGI_111,133.7,54.2,37.1,3,6.9,21,140.6,0
YoGI_112,131.8,51.4,26.8,3,10.4,19,142.2,0
YoGI_113,144.8,66.9,35.1,4,12.9,22,157.7,0
YoGI_114,71.9,27.5,32.2,5,8.3,15,80.2,0
YoGI_116,128.3,36.4,28.6,4,10.5,21,138.8,0
YoGI_117,130.5,47.8,23.2,5,10.9,18,141.4,0
YoGI_119,152.9,53.3,33.1,6,12.8,23,165.7,0
YoGI_120,142.7,65.6,33.8,5,11.4,21,154.1,1
YoGI_121,130.4,50.7,41.2,4,8.5,23,138.9,1
YoGI_122,122.6,52.8,33.3,3,5.9,17,128.5,1
YoGI_123,152.6,55.3,30,6,13.3,21,165.9,0
YoGI_124,149,52.3,23.9,4,10.9,18,159.9,0
YoGI_125,132.6,54.5,37.1,3,14.8,20,147.4,1
YoGI_126,136.2,49.6,33.8,6,9.5,21,145.7,0
YoGI_127,144.8,69.2,27.9,5,10,19,154.8,0
YoGI_128,143.5,56.8,40.2,4,11.8,23,155.3,0
YoGI_129,115.6,50,30.2,6,10.8,22,126.4,0
YoGI_130,124.8,49.5,34.1,4,11.6,20,136.4,0
YoGI_131,135.4,55.9,28.3,3,10.3,24,145.7,0
YoGI_132,123.4,43.9,35.2,7,10,23,133.4,0
YoGI_133,143.5,48.9,28.2,4,13.1,26,156.6,0
YoGI_134,107.7,66.7,31.9,4,8.1,26,115.8,0
YoGI_135,114.6,48.9,31.5,8,9.2,24,123.8,0
YoGI_136,107.9,50.3,34.3,3,6.5,27,114.4,0
YoGI_137,87.7,40.3,35.9,7,6,13,93.7,0
YoGI_138,97.6,47.7,42.2,4,9.1,20,106.7,0
YoGI_139,121.1,48.2,30.8,5,9.3,21,130.4,0
YoGI_140,85.4,40.3,33.5,9,9.3,12,94.7,0
YoGI_141,111.8,46.6,32,8,8.5,15,120.3,0
YoGI_142,153.2,56.7,43.7,8,7.4,15,160.6,0
YoGI_144,124.7,42.4,35.1,9,8.2,17,132.9,1
YoGI_145,134.2,54.2,25.5,8,10.1,18,144.3,1
YoGI_146,130.8,57.4,49.1,4,8.3,21,139.1,1
YoGI_147,137.8,53.6,29.5,8,9.4,14,147.2,1
YoGI_148,135.5,54.3,29.2,6,9.3,16,144.8,1
YoGI_149,132.9,42.5,35.8,6,10.4,20,143.3,1
YoGI_150,112.7,39.4,38.2,7,9.6,16,122.3,1
YoGI_151,113.5,44.2,32.8,9,9.4,17,122.9,1
YoGI_152,96.7,28.4,33.7,10,9.7,18,106.4,1
YoGI_153,126.2,52.7,28.5,7,10.9,19,137.1,1
YoGI_154,84.2,30.6,30.6,5,9,23,93.2,1
YoGI_155,128.9,50.9,25.5,6,7.8,17,136.7,1
YoGI_156,134.7,53.2,35.1,7,12.3,19,147,1
YoGI_157,110.3,30.9,27.2,5,10.4,18,120.7,1
YoGI_159,131.2,38.7,31.7,7,9.5,15,140.7,1
YoGI_160,127.5,48.9,34.6,8,9.9,21,137.4,1
YoGI_161,119.6,47.3,31.6,8,11.7,19,131.3,1
YoGI_162,107.6,46.7,33.9,7,6.6,15,114.2,1
YoGI_163,126.4,46.2,39.7,10,6.8,13,133.2,1
YoGI_164,101.7,45.2,24.1,6,8.4,17,110.1,1
YoGI_165,135.5,56.3,27.1,6,12.2,16,147.7,1
YoGI_166,144.4,52.7,35.6,4,12.8,27,157.2,1
YoGI_168,103.5,31.6,34.7,6,7.5,19,111,1
YoGI_170,118.8,46.1,33.2,5,12,22,130.8,1
YoGI_171,113.2,39,30.1,4,10.3,24,123.5,1
YoGI_172,113.3,46.7,33.8,5,11.5,20,124.8,1
YoGI_173,154.2,48.8,41,4,11.4,17,165.6,1
YoGI_174,104.3,32.6,36.8,5,6.7,14,111,1
YoGI_175,138.4,54.6,32.4,6,12.1,24,150.5,1
YoGI_176,133.7,50.8,26,7,11.4,20,145.1,1
YoGI_177,114.6,33.6,39.1,5,10.4,18,125,1
YoGI_178,127.6,31.3,32,4,8.4,19,136,1
YoGI_179,156.9,51.2,35.3,4,14.4,23,171.3,1
YoGI_180,145.2,55.4,31.3,5,12.4,21,157.6,1
YoGI_182,140,37.1,31.3,6,9.8,20,149.8,1
YoGI_183,151.5,63.9,28.2,5,9.6,17,161.1,1
YoGI_184,141.8,59.7,40,7,9.5,18,151.3,1
YoGI_185,141.3,47.8,27.5,5,11.2,19,152.5,1
YoGI_186,135.7,53.3,31.2,5,9.1,17,144.8,1
YoGI_187,113.5,33.8,23.2,7,8.9,14,122.4,1
YoGI_188,144.5,60.8,45.4,7,11.8,19,156.3,1
YoGI_189,151.9,43.5,34.2,7,9.5,17,161.4,1
YoGI_190,147.2,55.5,38.7,5,12.5,19,159.7,1
YoGI_191,94.7,49.9,30.8,4,7.3,18,102,1
YoGI_192,140.8,44.6,37.4,6,9.8,17,150.6,1
YoGI_193,124.9,55.1,32.9,4,10.3,15,135.2,1
YoGI_194,147.2,44.2,29.8,6,11.5,25,158.7,1
YoGI_195,151.4,58.7,37.6,10,12.1,19,163.5,1
YoGI_196,102.5,39.6,30.2,4,8.8,15,111.3,1
YoGI_197,114.7,42.9,27.4,9,8.3,17,123,1
YoGI_198,135.6,38.9,27.2,4,10.4,22,146,1
YoGI_199,145.7,43.1,36.8,5,9.6,21,155.3,1
YoGI_200,97.6,41.2,44.7,5,9.1,17,106.7,1
YoGI_201,163,55.8,43.4,4,10.7,24,173.7,1
YoGI_202,137.2,55.3,30.7,6,10,19,147.2,1
YoGI_203,150.5,51.4,30.9,5,11.5,20,162,1
YoGI_204,143.4,53.8,27.2,3,13.9,21,157.3,1
YoGI_205,135.2,57.4,43.8,5,9.5,17,144.7,1
YoGI_206,109.4,41,25.4,5,8.8,13,118.2,1
YoGI_208,123.4,29.2,33.3,4,10.5,14,133.9,1
YoGI_209,137.2,36.9,40.4,4,7.3,17,144.5,1
YoGI_210,98.3,41.7,36.7,5,10.5,15,108.8,1
YoGI_211,112.9,29.8,30.2,6,10.6,17,123.5,1
YoGI_213,141.6,51,25.5,5,10.9,22,152.5,1
YoGI_214,145.4,48.2,36.1,5,11.1,19,156.5,1
YoGI_215,128.6,33.7,24.1,4,8.8,14,137.4,1
YoGI_216,151.5,54.4,30,5,10.5,19,162,1
YoGI_217,122.3,43.3,31.9,7,12.2,21,134.5,1
YoGI_218,106.1,40.1,35,5,9.8,18,115.9,1
YoGI_220,117.2,39.3,36,3,11.9,16,129.1,1
YoGI_221,135.6,47.9,36.4,6,9.9,21,145.5,1
YoGI_222,142.4,49.8,30.1,5,9.7,16,152.1,1
YoGI_223,130.9,52.4,37.5,3,10.3,16,141.2,1
YoGI_224,138.3,43.6,39.5,5,12.7,20,151,1
YoGI_225,120.5,61.4,26.2,6,8.8,15,129.3,1
YoGI_226,124.7,53.1,27.4,6,11.4,15,136.1,1
YoGI_227,118.9,42.9,31.5,10,8.9,19,127.8,1
YoGI_228,108.9,35.4,35.1,7,8.2,17,117.1,1
YoGI_230,148.9,47.2,37.6,7,8.5,17,157.4,1
YoGI_231,120.3,45.6,27.9,7,9.4,17,129.7,1
YoGI_232,140.8,36.2,32.6,4,11.2,20,152,1
YoGI_233,124.5,47.5,36.6,4,10.9,18,135.4,1
YoGI_234,131.5,42.2,34.5,8,12.3,21,143.8,1
YoGI_235,113.9,38.9,21.6,8,10.7,13,124.6,1
YoGI_236,106.6,36.4,24.3,8,9.2,13,115.8,1
YoGI_237,132.2,43.6,35.6,6,10.2,19,142.4,1
YoGI_238,125.7,41.8,41,5,11.8,21,137.5,1
YoGI_239,126.3,58.1,28.4,3,8.2,15,134.5,1
YoGI_240,98.3,38.8,23.4,7,7.7,17,106,1
YoGI_241,138.1,51.7,37.8,5,10.8,19,148.9,1
YoGI_242,143.4,45.5,32.4,4,8.5,18,151.9,1
YoGI_243,144.6,61,33.9,5,11.8,20,156.4,1
YoGI_244,132.5,44.8,23.1,7,9.7,20,142.2,1
YoGI_245,136.9,38.8,33.3,7,8.5,19,145.4,1
YoGI_247,143.9,49.2,46.6,7,9.2,17,153.1,1
YoGI_248,142.9,57.4,33.1,5,7.4,16,150.3,1
YoGI_249,134.7,54.1,37.1,6,10.6,18,145.3,1
YoGI_250,138.1,54.7,19.2,7,10.5,15,148.6,1
YoGI_251,137.8,45.2,40,4,10.9,23,148.7,1
YoGI_252,120.6,46.3,29,6,7.7,13,128.3,1
YoGI_253,114.2,53.8,29.3,4,11.8,18,126,1
YoGI_254,131.6,55.5,35.2,5,9.7,19,141.3,1
YoGI_255,121.4,42.1,34.4,4,8.2,15,129.6,1
YoGI_256,123.4,47.3,36.8,6,8.4,17,131.8,1
YoGI_257,131.6,55.1,41.2,4,10.9,20,142.5,1
YoGI_258,106.5,55.7,33.4,7,7.8,19,114.3,1
YoGI_259,117.8,62.8,30.4,5,8.2,20,126,1
YoGI_260,127.4,57.1,34.9,6,9.8,16,137.2,1
YoGI_262,131.2,52.2,32.5,6,11.2,23,142.4,1
YoGI_263,99.8,40.8,27.8,6,7.1,13,106.9,0
YoGI_264,79.4,31.3,28.1,7,7.2,15,86.6,0
YoGI_265,61.3,22.8,26.9,9,6,13,67.3,1
YoGI_266,117.9,39.5,33.2,10,8.3,18,126.2,0
YoGI_267,92.7,38.9,34.3,8,8.6,18,101.3,1
YoGI_268,107.1,23.4,47.2,4,9.5,17,116.6,1
YoGI_269,60.4,24.5,31.1,4,10.8,24,71.2,0
YoGI_270,125.1,41.6,29.6,11,8.5,15,133.6,0
YoGI_272,132.7,46.6,32.2,6,9.2,21,141.9,1
YoGI_273,117.4,37.8,33.9,7,9.3,20,126.7,1
YoGI_274,128.4,49.2,27.8,3,10.8,21,139.2,1
YoGI_275,132.4,42.3,36.4,7,9.1,19,141.5,1
YoGI_276,137.2,49.4,29.6,7,10.9,22,148.1,1
YoGI_277,140.5,51.8,27.1,5,9.5,19,150,1
YoGI_278,127.9,43.4,25.2,5,11.3,23,139.2,1
YoGI_279,126.3,42.3,27.4,6,7.7,15,134,1
YoGI_280,134.7,54.2,39.6,5,11.7,23,146.4,1
YoGI_281,135.7,48,36.1,4,8.9,26,144.6,1
YoGI_282,131.5,44.9,40.8,4,9.2,18,140.7,1
YoGI_283,149.1,54.2,32.4,5,11.1,24,160.2,1
YoGI_284,133.8,48,25.9,4,7.4,13,141.2,1
YoGI_285,120,55.3,32.2,6,10.3,18,130.3,1
YoGI_286,129.8,55.7,27.1,5,10.2,19,140,1
YoGI_287,133.7,48.1,34.3,4,12.4,25,146.1,1
YoGI_288,150.8,57.7,28.8,6,11.1,20,161.9,1
YoGI_289,152.5,67.2,27.5,9,9.1,18,161.6,1
YoGI_290,154.4,51.2,43.2,4,10.9,24,165.3,1
YoGI_291,101.1,32.2,34.4,4,8.5,16,109.6,1
YoGI_293,141.5,46.6,31,6,11.4,19,152.9,1
YoGI_294,127.8,50.9,24,7,9.5,19,137.3,1
YoGI_295,100.4,33.3,22.9,7,10.2,17,110.6,1
YoGI_296,110,43.1,35.6,13,9.4,19,119.4,1
YoGI_297,144.9,56.7,29.1,6,10.9,17,155.8,1
YoGI_298,121.9,44.2,31.6,6,9,18,130.9,1
YoGI_299,128.8,42.5,31.5,8,8.7,20,137.5,0
YoGI_301,119.4,52.3,25.4,5,11.3,19,130.7,1
YoGI_302,109.6,48.7,36.1,4,8.2,23,117.8,1
YoGI_303,134.4,47.5,26.1,4,10.3,20,144.7,1
YoGI_304,112.7,54.2,28.5,7,7.8,18,120.5,0
YoGI_305,138.9,58.1,35.2,6,10.6,17,149.5,1
YoGI_306,101,44.8,21.7,8,9.6,22,110.6,0
YoGI_308,95.7,40.6,30.8,5,10.4,19,106.1,0
YoGI_309,94.3,48.8,33,10,8.4,17,102.7,1
YoGI_312,120.8,37.1,27.4,7,7.4,15,128.2,1
YoGI_313,99.4,33.7,32.8,6,8.1,16,107.5,1
YoGI_315,135.8,53.5,29.7,6,11.3,20,147.1,1
YoGI_318,85.5,42.2,26.8,6,6.9,12,92.4,1
YoGI_320,126.3,44.2,42.5,3,8.9,19,135.2,0
YoGI_321,94.2,36.6,27.7,3,10.6,23,104.8,0
YoGI_323,127.7,51.4,32.4,6,8.4,17,136.1,0
YoGI_324,90,32.4,29.9,6,10.5,17,100.5,1
YoGI_326,90.6,35.5,33.4,4,8,19,98.6,1
YoGI_327,110.9,49.4,22.1,8,7.6,15,118.5,1
YoGI_328,114.7,46.6,38.3,8,11.1,20,125.8,1
YoGI_329,103.6,36.2,30.8,6,9.4,19,113,0
YoGI_330,85.5,14.6,27.6,6,6.8,11,92.3,0
YoGI_331,54.8,30.2,29.2,6,7.3,14,62.1,1
YoGI_332,77.4,40.1,25.3,7,9.7,14,87.1,1
YoGI_334,83.1,26,27.7,4,9.6,20,92.7,1
YoGI_335,127.6,51.9,32.4,5,9.8,18,137.4,1
YoGI_336,90.6,34.5,30.4,6,8.8,20,99.4,0
YoGI_337,111.4,52.8,33.3,5,10.4,22,121.8,0
YoGI_341,97.4,41.9,29.6,5,10.1,24,107.5,0
YoGI_343,61.5,25.5,31.4,4,10.6,20,72.1,0
YoGI_344,75.5,28.9,29.8,5,9.8,16,85.3,0
YoGI_345,122.3,43.6,31.3,8,11.5,22,133.8,0
YoGI_346,94.6,44.9,32.4,5,7.6,25,102.2,0
YoGI_348,101.8,31.8,29.5,5,7.9,21,109.7,0
YoGI_350,62.1,23.3,32.5,6,8.5,19,70.6,0
