"subgenome","IID","Continent_short","within_continent_index","Q1","Q2","Q3","Q4","Q5"
"A","YoGI_174","AF",1,0.99996,1e-05,1e-05,1e-05,1e-05
"A","YoGI_237","AF",2,0.99996,1e-05,1e-05,1e-05,1e-05
"A","YoGI_283","AF",3,0.926584,1e-05,1e-05,0.073386,1e-05
"A","YoGI_015","AF",4,1e-05,0.99996,1e-05,1e-05,1e-05
"A","YoGI_142","AF",5,1e-05,0.99996,1e-05,1e-05,1e-05
"A","YoGI_218","AF",6,1e-05,0.99996,1e-05,1e-05,1e-05
"A","YoGI_097","AF",7,1e-05,0.987437,0.000533,0.012011,1e-05
"A","YoGI_141","AF",8,0.01608,0.928808,1e-05,0.055092,1e-05
"A","YoGI_016","AF",9,0.05153,0.860261,0.088189,1e-05,1e-05
"A","YoGI_034","AF",10,0.091651,0.771685,0.048529,0.088126,1e-05
"A","YoGI_055","AF",11,0.196111,0.632611,0.114002,0.056725,0.000551
"A","YoGI_164","AF",12,0.104252,0.599844,0.053448,0.129721,0.112734
"A","YoGI_154","AF",13,0.019111,0.579533,0.297317,1e-05,0.104029
"A","YoGI_153","AF",14,0.203358,0.57943,0.115272,1e-05,0.10193
"A","YoGI_308","AF",15,0.074084,0.351255,0.197752,0.33508,0.04183
"A","YoGI_119","AF",16,0.21276,1e-05,0.78721,1e-05,1e-05
"A","YoGI_004","AF",17,1e-05,1e-05,0.640071,0.20845,0.151459
"A","YoGI_013","AF",18,1e-05,1e-05,0.586522,0.299811,0.113647
"A","YoGI_318","AF",19,1e-05,0.051348,0.371166,0.248057,0.329419
"A","YoGI_020","AF",20,1e-05,0.024499,0.156604,0.705716,0.113171
"A","YoGI_274","AF",21,0.051773,0.15908,1e-05,0.47042,0.318717
"A","YoGI_017","AF",22,1e-05,1e-05,1e-05,1e-05,0.99996
"A","YoGI_019","AF",23,1e-05,1e-05,1e-05,1e-05,0.99996
"A","YoGI_029","AF",24,1e-05,1e-05,1e-05,1e-05,0.99996
"A","YoGI_064","AF",25,1e-05,1.3e-05,1e-05,1e-05,0.999957
"A","YoGI_299","AF",26,1e-05,1e-05,0.267496,0.108252,0.624232
"A","YoGI_140","AF",27,1e-05,0.106019,1e-05,0.279501,0.61446
"A","YoGI_018","AF",28,0.030235,0.110016,0.084133,0.218871,0.556746
"A","YoGI_009","AF",29,1e-05,0.056661,0.262807,0.24775,0.432772
"A","YoGI_011","AF",30,1e-05,0.106015,0.285985,0.186799,0.421191
"A","YoGI_012","AF",31,1e-05,0.055133,0.314107,0.240468,0.390283
"A","YoGI_010","AF",32,1e-05,0.057706,0.326264,0.244332,0.371687
"A","YoGI_166","AS",1,0.99996,1e-05,1e-05,1e-05,1e-05
"A","YoGI_204","AS",2,0.99996,1e-05,1e-05,1e-05,1e-05
"A","YoGI_238","AS",3,0.99996,1e-05,1e-05,1e-05,1e-05
"A","YoGI_241","AS",4,0.938236,1e-05,0.061734,1e-05,1e-05
"A","YoGI_272","AS",5,0.931646,1e-05,1e-05,0.068324,1e-05
"A","YoGI_194","AS",6,0.929218,1e-05,1e-05,0.070752,1e-05
"A","YoGI_248","AS",7,0.919684,1e-05,0.080286,1e-05,1e-05
"A","YoGI_221","AS",8,0.75131,0.038076,0.030897,0.15071,0.029006
"A","YoGI_088","AS",9,0.436274,0.400263,0.045334,0.118119,1e-05
"A","YoGI_196","AS",10,0.425718,0.318574,0.106014,0.048409,0.101284
"A","YoGI_127","AS",11,0.396288,0.192002,0.16617,0.245529,1e-05
"A","YoGI_186","AS",12,0.369073,0.259291,0.027746,0.028397,0.315494
"A","YoGI_191","AS",13,1e-05,0.992402,1e-05,1e-05,0.007568
"A","YoGI_098","AS",14,1e-05,0.98244,0.01753,1e-05,1e-05
"A","YoGI_160","AS",15,1e-05,0.932451,1e-05,0.059476,0.008053
"A","YoGI_161","AS",16,1e-05,0.854991,0.065955,0.005573,0.073471
"A","YoGI_144","AS",17,1e-05,0.807232,1e-05,0.139979,0.052769
"A","YoGI_162","AS",18,1e-05,0.710914,1e-05,0.125246,0.163821
"A","YoGI_101","AS",19,0.302314,0.591319,1e-05,0.020982,0.085375
"A","YoGI_061","AS",20,0.094742,0.539222,1e-05,0.206791,0.159236
"A","YoGI_083","AS",21,0.178075,0.521762,1e-05,0.019618,0.280536
"A","YoGI_163","AS",22,0.037463,0.517241,1e-05,0.269603,0.175684
"A","YoGI_201","AS",23,1e-05,0.484396,0.053182,0.012979,0.449434
"A","YoGI_242","AS",24,0.130145,0.472874,0.39696,1e-05,1e-05
"A","YoGI_303","AS",25,0.204946,0.452486,0.010615,0.107835,0.224118
"A","YoGI_265","AS",26,0.03602,0.438591,0.064398,0.273833,0.187157
"A","YoGI_050","AS",27,0.128253,0.411599,1e-05,0.380096,0.080041
"A","YoGI_113","AS",28,0.165088,0.348152,0.269455,0.215407,0.001899
"A","YoGI_035","AS",29,1e-05,0.324661,0.303195,0.054829,0.317304
"A","YoGI_135","AS",30,1e-05,0.107658,0.892312,1e-05,1e-05
"A","YoGI_171","AS",31,1e-05,0.155988,0.822053,1e-05,0.021939
"A","YoGI_170","AS",32,1e-05,0.164045,0.81538,1e-05,0.020554
"A","YoGI_128","AS",33,0.200993,0.00473,0.794257,1e-05,1e-05
"A","YoGI_198","AS",34,0.239912,1e-05,0.760058,1e-05,1e-05
"A","YoGI_199","AS",35,0.242726,1e-05,0.757244,1e-05,1e-05
"A","YoGI_236","AS",36,0.376553,1e-05,0.623417,1e-05,1e-05
"A","YoGI_326","AS",37,0.379707,1e-05,0.620263,1e-05,1e-05
"A","YoGI_008","AS",38,1e-05,0.006284,0.571302,0.174927,0.247477
"A","YoGI_320","AS",39,0.064372,0.448392,0.487216,1e-05,1e-05
"A","YoGI_086","AS",40,1e-05,1e-05,1e-05,0.99996,1e-05
"A","YoGI_102","AS",41,1e-05,1e-05,1e-05,0.819894,0.180076
"A","YoGI_081","AS",42,0.052603,1e-05,0.179994,0.767383,1e-05
"A","YoGI_330","AS",43,0.034825,0.139483,1e-05,0.751816,0.073867
"A","YoGI_313","AS",44,0.16339,0.013231,0.075703,0.743028,0.004649
"A","YoGI_264","AS",45,1e-05,1e-05,0.341639,0.658331,1e-05
"A","YoGI_053","AS",46,1e-05,1e-05,1e-05,0.651626,0.348344
"A","YoGI_323","AS",47,0.238085,0.137712,0.032951,0.591242,1e-05
"A","YoGI_315","AS",48,0.355447,0.04106,0.02758,0.527997,0.047915
"A","YoGI_327","AS",49,1e-05,0.046573,0.104298,0.5205,0.328619
"A","YoGI_306","AS",50,0.442168,0.038305,1e-05,0.519507,1e-05
"A","YoGI_006","AS",51,1e-05,1e-05,0.138193,0.497993,0.363795
"A","YoGI_205","AS",52,0.262019,0.111296,1e-05,0.481468,0.145207
"A","YoGI_047","AS",53,0.24827,0.19619,0.089455,0.466074,1e-05
"A","YoGI_139","AS",54,0.1162,1e-05,0.427227,0.456553,1e-05
"A","YoGI_334","AS",55,0.044396,0.081858,0.294455,0.43963,0.139661
"A","YoGI_304","AS",56,0.074126,0.074834,0.068622,0.425635,0.356782
"A","YoGI_007","AS",57,1e-05,0.049595,0.260675,0.394974,0.294747
"A","YoGI_235","AS",58,0.007041,0.263137,1e-05,0.382867,0.346944
"A","YoGI_027","AS",59,1e-05,0.283571,1e-05,0.36181,0.354599
"A","YoGI_245","AS",60,0.313998,0.051132,0.313944,0.320916,1e-05
"A","YoGI_002","AS",61,1e-05,1e-05,1e-05,1e-05,0.99996
"A","YoGI_021","AS",62,1e-05,1e-05,1e-05,1e-05,0.99996
"A","YoGI_023","AS",63,1e-05,1e-05,1e-05,1e-05,0.99996
"A","YoGI_025","AS",64,1e-05,1e-05,1e-05,1e-05,0.99996
"A","YoGI_026","AS",65,1e-05,1e-05,1e-05,1e-05,0.99996
"A","YoGI_033","AS",66,1e-05,1e-05,1e-05,1e-05,0.99996
"A","YoGI_137","AS",67,1e-05,1e-05,1e-05,1e-05,0.99996
"A","YoGI_152","AS",68,1e-05,1e-05,1e-05,1e-05,0.99996
"A","YoGI_197","AS",69,1e-05,1e-05,1e-05,1e-05,0.99996
"A","YoGI_210","AS",70,1e-05,1e-05,1e-05,1e-05,0.99996
"A","YoGI_228","AS",71,1e-05,1e-05,1e-05,1e-05,0.99996
"A","YoGI_262","AS",72,1e-05,1e-05,1e-05,1e-05,0.99996
"A","YoGI_309","AS",73,1e-05,1e-05,1e-05,1e-05,0.99996
"A","YoGI_332","AS",74,1e-05,1e-05,1e-05,1e-05,0.99996
"A","YoGI_267","AS",75,1e-05,1e-05,1e-05,0.004989,0.994981
"A","YoGI_076","AS",76,1e-05,1e-05,1e-05,0.012717,0.987253
"A","YoGI_260","AS",77,0.012856,1e-05,1e-05,1e-05,0.987114
"A","YoGI_257","AS",78,1e-05,1e-05,0.032175,1e-05,0.967795
"A","YoGI_258","AS",79,1e-05,0.036556,1e-05,1e-05,0.963414
"A","YoGI_028","AS",80,1e-05,1e-05,1e-05,0.09196,0.90801
"A","YoGI_259","AS",81,0.019103,0.133134,1e-05,1e-05,0.847743
"A","YoGI_208","AS",82,1e-05,0.061693,1e-05,0.111962,0.826325
"A","YoGI_024","AS",83,0.020153,1e-05,1e-05,0.160514,0.819313
"A","YoGI_193","AS",84,1e-05,0.202239,0.015975,0.007873,0.773903
"A","YoGI_209","AS",85,1e-05,1e-05,0.233149,1e-05,0.766821
"A","YoGI_022","AS",86,1e-05,1e-05,1e-05,0.236913,0.763057
"A","YoGI_211","AS",87,0.171417,1e-05,0.105022,0.021523,0.702028
"A","YoGI_312","AS",88,1e-05,0.276433,1e-05,0.029039,0.694508
"A","YoGI_263","AS",89,0.100712,1e-05,0.21209,1e-05,0.687179
"A","YoGI_168","AS",90,0.060534,0.026983,0.108744,0.146423,0.657315
"A","YoGI_227","AS",91,1e-05,0.192206,0.158115,0.034354,0.615315
"A","YoGI_165","AS",92,0.01631,0.055528,0.0525,0.264734,0.610929
"A","YoGI_195","AS",93,0.438254,1e-05,1e-05,1e-05,0.561716
"A","YoGI_266","AS",94,0.082169,1e-05,0.011575,0.345995,0.560252
"A","YoGI_104","AS",95,0.01257,1e-05,0.317679,0.126086,0.543655
"A","YoGI_060","AS",96,1e-05,0.336332,1e-05,0.124987,0.53866
"A","YoGI_268","AS",97,1e-05,1e-05,0.42159,0.047151,0.531239
"A","YoGI_145","AS",98,1e-05,0.208116,1e-05,0.280583,0.511281
"A","YoGI_240","AS",99,0.137571,0.061201,0.299807,1e-05,0.50141
"A","YoGI_206","AS",100,0.099865,0.231761,0.169198,1e-05,0.499167
"A","YoGI_150","AS",101,0.144606,0.069479,1e-05,0.316759,0.469146
"A","YoGI_114","AS",102,1e-05,0.131426,0.071114,0.371909,0.425541
"A","YoGI_041","AS",103,0.200044,0.177061,0.152351,0.04749,0.423054
"A","YoGI_247","AS",104,0.152824,1e-05,0.174156,0.288519,0.38449
"A","YoGI_200","AS",105,0.202316,0.159405,0.046227,0.240861,0.351191
"A","YoGI_148","EU",1,0.99996,1e-05,1e-05,1e-05,1e-05
"A","YoGI_202","EU",2,0.99996,1e-05,1e-05,1e-05,1e-05
"A","YoGI_251","EU",3,0.99996,1e-05,1e-05,1e-05,1e-05
"A","YoGI_276","EU",4,0.99996,1e-05,1e-05,1e-05,1e-05
"A","YoGI_277","EU",5,0.99996,1e-05,1e-05,1e-05,1e-05
"A","YoGI_279","EU",6,0.99996,1e-05,1e-05,1e-05,1e-05
"A","YoGI_290","EU",7,0.99996,1e-05,1e-05,1e-05,1e-05
"A","YoGI_147","EU",8,0.999954,1.6e-05,1e-05,1e-05,1e-05
"A","YoGI_213","EU",9,0.975406,1e-05,1e-05,1e-05,0.024564
"A","YoGI_185","EU",10,0.974655,1e-05,0.025315,1e-05,1e-05
"A","YoGI_278","EU",11,0.965627,1e-05,1e-05,0.034343,1e-05
"A","YoGI_287","EU",12,0.933604,1e-05,1e-05,0.066366,1e-05
"A","YoGI_280","EU",13,0.913738,1e-05,1e-05,0.086232,1e-05
"A","YoGI_085","EU",14,0.901676,0.018865,1e-05,0.079439,1e-05
"A","YoGI_203","EU",15,0.849731,1e-05,0.032925,0.117324,1e-05
"A","YoGI_305","EU",16,0.840873,1e-05,1e-05,0.159097,1e-05
"A","YoGI_289","EU",17,0.833269,1e-05,1e-05,0.166701,1e-05
"A","YoGI_297","EU",18,0.727176,1e-05,1e-05,0.270289,0.002515
"A","YoGI_296","EU",19,0.673003,1e-05,1e-05,0.325763,0.001214
"A","YoGI_295","EU",20,0.651261,1e-05,1e-05,0.348709,1e-05
"A","YoGI_270","EU",21,0.645906,1e-05,0.04717,0.306904,1e-05
"A","YoGI_130","EU",22,0.644272,1e-05,0.202878,0.15283,1e-05
"A","YoGI_243","EU",23,0.62134,1e-05,1e-05,0.37863,1e-05
"A","YoGI_180","EU",24,0.602139,0.333896,0.063945,1e-05,1e-05
"A","YoGI_184","EU",25,0.586911,0.253553,1e-05,0.159516,1e-05
"A","YoGI_232","EU",26,0.566611,0.248719,0.164377,1e-05,0.020282
"A","YoGI_253","EU",27,0.53919,0.16003,0.171168,0.129603,1e-05
"A","YoGI_294","EU",28,0.504868,1e-05,1e-05,0.495102,1e-05
"A","YoGI_131","EU",29,0.503149,1e-05,0.496821,1e-05,1e-05
"A","YoGI_090","EU",30,0.498277,1e-05,0.254612,0.247091,1e-05
"A","YoGI_124","EU",31,0.477441,0.230101,0.224449,0.067999,1e-05
"A","YoGI_123","EU",32,0.47408,0.234994,0.217404,0.073512,1e-05
"A","YoGI_125","EU",33,0.424325,0.371673,0.203982,1e-05,1e-05
"A","YoGI_233","EU",34,0.422072,0.360037,0.057405,0.160476,1e-05
"A","YoGI_192","EU",35,0.349589,0.345,1e-05,0.30539,1e-05
"A","YoGI_244","EU",36,0.333992,0.042593,0.32466,0.298745,1e-05
"A","YoGI_189","EU",37,0.317249,0.229425,0.105559,0.196465,0.151301
"A","YoGI_255","EU",38,1e-05,0.99996,1e-05,1e-05,1e-05
"A","YoGI_226","EU",39,0.062108,0.875796,0.062077,1e-05,1e-05
"A","YoGI_225","EU",40,0.080057,0.862436,0.057488,1e-05,1e-05
"A","YoGI_224","EU",41,0.0759,0.854875,1e-05,1e-05,0.069205
"A","YoGI_120","EU",42,1e-05,0.81141,0.084403,0.104167,1e-05
"A","YoGI_222","EU",43,1e-05,0.80259,0.142163,0.055227,1e-05
"A","YoGI_188","EU",44,0.182068,0.798608,1e-05,0.019304,1e-05
"A","YoGI_190","EU",45,0.027848,0.748688,0.223444,1e-05,1e-05
"A","YoGI_223","EU",46,0.035403,0.740647,0.22393,1e-05,1e-05
"A","YoGI_155","EU",47,1e-05,0.71607,0.002397,0.185972,0.09555
"A","YoGI_151","EU",48,0.067794,0.707867,0.015396,0.163734,0.045208
"A","YoGI_117","EU",49,0.161845,0.633801,0.204334,1e-05,1e-05
"A","YoGI_156","EU",50,0.040146,0.633549,0.222339,1e-05,0.103956
"A","YoGI_183","EU",51,0.20205,0.629298,0.076715,0.091926,1e-05
"A","YoGI_109","EU",52,1e-05,0.610639,0.315737,1e-05,0.073604
"A","YoGI_159","EU",53,0.373296,0.577423,0.021995,0.027276,1e-05
"A","YoGI_129","EU",54,0.090329,0.559637,0.20844,0.141584,1e-05
"A","YoGI_252","EU",55,0.043086,0.55709,0.001197,0.155796,0.242832
"A","YoGI_256","EU",56,0.017244,0.502756,0.057566,0.306109,0.116325
"A","YoGI_187","EU",57,0.218461,0.493768,0.05792,0.144235,0.085615
"A","YoGI_157","EU",58,0.313616,0.447255,1e-05,0.171098,0.068022
"A","YoGI_254","EU",59,0.252896,0.445395,0.074608,0.227091,1e-05
"A","YoGI_003","EU",60,0.179992,0.440862,1e-05,0.379126,1e-05
"A","YoGI_149","EU",61,0.419892,0.437178,1e-05,0.138329,0.004592
"A","YoGI_132","EU",62,0.291499,0.425002,0.164895,0.118594,1e-05
"A","YoGI_070","EU",63,0.223011,0.423134,1e-05,0.353835,1e-05
"A","YoGI_126","EU",64,0.288644,0.3653,0.346034,1.2e-05,1e-05
"A","YoGI_179","EU",65,0.283687,0.358817,0.266168,0.06914,0.022188
"A","YoGI_112","EU",66,0.168203,0.344835,0.276527,0.204024,0.006411
"A","YoGI_214","EU",67,0.248793,0.317548,0.050502,0.143785,0.239372
"A","YoGI_095","EU",68,1e-05,1e-05,0.99996,1e-05,1e-05
"A","YoGI_100","EU",69,1e-05,1e-05,0.99996,1e-05,1e-05
"A","YoGI_134","EU",70,1e-05,1e-05,0.99996,1e-05,1e-05
"A","YoGI_138","EU",71,1e-05,1e-05,0.99996,1e-05,1e-05
"A","YoGI_346","EU",72,0.038059,1e-05,0.961911,1e-05,1e-05
"A","YoGI_096","EU",73,1e-05,0.050583,0.949387,1e-05,1e-05
"A","YoGI_133","EU",74,0.074643,1e-05,0.879859,0.045478,1e-05
"A","YoGI_111","EU",75,1e-05,0.09224,0.847806,1e-05,0.059934
"A","YoGI_099","EU",76,1e-05,0.177635,0.822334,1e-05,1e-05
"A","YoGI_269","EU",77,1e-05,1e-05,0.820627,0.179343,1e-05
"A","YoGI_172","EU",78,1e-05,0.155017,0.818043,1e-05,0.02692
"A","YoGI_344","EU",79,1e-05,0.054948,0.80954,0.135492,1e-05
"A","YoGI_107","EU",80,0.194991,1e-05,0.804111,0.000878,1e-05
"A","YoGI_108","EU",81,0.195527,1e-05,0.797195,0.007258,1e-05
"A","YoGI_178","EU",82,0.208874,1e-05,0.791096,1e-05,1e-05
"A","YoGI_106","EU",83,0.21361,1e-05,0.707646,0.078724,1e-05
"A","YoGI_146","EU",84,0.32397,1e-05,0.676,1e-05,1e-05
"A","YoGI_281","EU",85,0.1749,0.061153,0.646897,0.022406,0.094644
"A","YoGI_337","EU",86,0.151119,1e-05,0.630145,0.218716,1e-05
"A","YoGI_341","EU",87,0.071122,1e-05,0.609309,0.319549,1e-05
"A","YoGI_282","EU",88,0.016844,0.151891,0.592704,0.238551,1e-05
"A","YoGI_094","EU",89,0.407322,1e-05,0.592648,1e-05,1e-05
"A","YoGI_122","EU",90,1e-05,1e-05,0.566393,0.433577,1e-05
"A","YoGI_110","EU",91,0.234216,0.191595,0.477452,0.096727,1e-05
"A","YoGI_093","EU",92,0.435798,1e-05,0.458189,0.105993,1e-05
"A","YoGI_092","EU",93,0.436532,1e-05,0.451552,0.111896,1e-05
"A","YoGI_239","EU",94,0.070839,0.431301,0.448584,0.049266,1e-05
"A","YoGI_116","EU",95,0.083793,0.409624,0.427785,0.078788,1e-05
"A","YoGI_348","EU",96,0.099777,0.120305,0.420521,0.293787,0.065611
"A","YoGI_291","EU",97,1e-05,0.289445,0.400843,1e-05,0.309692
"A","YoGI_284","EU",98,1e-05,1e-05,1e-05,0.99996,1e-05
"A","YoGI_286","EU",99,1e-05,1e-05,1e-05,0.99996,1e-05
"A","YoGI_329","EU",100,1e-05,1e-05,1e-05,0.99996,1e-05
"A","YoGI_328","EU",101,0.00188,1e-05,1e-05,0.959912,0.038188
"A","YoGI_065","EU",102,0.237341,1e-05,1e-05,0.762629,1e-05
"A","YoGI_182","EU",103,1e-05,1e-05,1e-05,0.683876,0.316094
"A","YoGI_343","EU",104,0.080816,0.093375,0.192008,0.571758,0.062043
"A","YoGI_288","EU",105,1e-05,0.038222,1e-05,0.564496,0.397261
"A","YoGI_066","EU",106,0.226693,0.115493,0.065386,0.563317,0.029111
"A","YoGI_234","EU",107,0.450353,1e-05,1e-05,0.549617,1e-05
"A","YoGI_273","EU",108,1e-05,1e-05,1e-05,0.548196,0.451774
"A","YoGI_230","EU",109,0.035171,0.194577,0.133673,0.54541,0.09117
"A","YoGI_275","EU",110,0.343176,1e-05,0.032785,0.480026,0.144003
"A","YoGI_285","EU",111,0.274653,0.090397,0.022046,0.462824,0.150081
"A","YoGI_215","EU",112,1e-05,0.291208,0.003729,0.414502,0.290551
"A","YoGI_350","EU",113,0.080513,0.193337,0.244501,0.330016,0.151634
"A","YoGI_345","EU",114,0.288304,0.108423,0.285622,0.305102,0.012549
"A","YoGI_039","EU",115,1e-05,0.178733,1e-05,0.042992,0.778255
"A","YoGI_293","EU",116,0.01619,0.047158,1e-05,0.219987,0.716655
"A","YoGI_298","EU",117,0.05228,0.000578,0.001439,0.236043,0.709659
"A","YoGI_302","EU",118,1e-05,1e-05,0.342347,1e-05,0.657623
"A","YoGI_250","EU",119,0.012449,0.080646,1e-05,0.36072,0.546175
"A","YoGI_231","EU",120,0.289423,0.219095,1e-05,1e-05,0.491463
"A","YoGI_217","EU",121,1e-05,0.144187,1e-05,0.386075,0.469718
"A","YoGI_216","EU",122,0.11136,0.152202,1e-05,0.330366,0.406062
"A","YoGI_249","EU",123,0.24411,0.220718,0.130684,0.001299,0.403189
"A","YoGI_042","NAM",1,0.069867,0.92341,0.006703,1e-05,1e-05
"A","YoGI_057","NAM",2,1e-05,0.80712,0.19285,1e-05,1e-05
"A","YoGI_073","NAM",3,0.016091,0.721628,1e-05,0.129786,0.132485
"A","YoGI_069","NAM",4,1e-05,0.631308,1e-05,0.368662,1e-05
"A","YoGI_052","NAM",5,1e-05,0.454999,0.355066,0.117833,0.072092
"A","YoGI_078","NAM",6,0.210476,0.061625,0.635193,0.090602,0.002104
"A","YoGI_336","NAM",7,0.063448,0.156785,0.385962,0.290063,0.103743
"A","YoGI_014","NAM",8,1e-05,1e-05,1e-05,0.99996,1e-05
"A","YoGI_043","NAM",9,1e-05,0.184456,0.161201,0.654323,1e-05
"A","YoGI_075","NAM",10,1e-05,1e-05,0.250334,0.632423,0.117223
"A","YoGI_068","NAM",11,0.21648,0.194587,1e-05,0.588913,1e-05
"A","YoGI_056","NAM",12,1e-05,1e-05,1e-05,1e-05,0.99996
"A","YoGI_077","NAM",13,0.038298,1e-05,1e-05,1e-05,0.961672
"A","YoGI_048","NAM",14,1e-05,0.360099,0.212063,0.0241,0.403727
"A","YoGI_220","OC",1,0.115384,0.884586,1e-05,1e-05,1e-05
"A","YoGI_046","OC",2,1e-05,0.834445,1e-05,0.165525,1e-05
"A","YoGI_084","OC",3,1e-05,0.800105,1e-05,0.199865,1e-05
"A","YoGI_087","OC",4,1e-05,0.717292,0.068349,0.214339,1e-05
"A","YoGI_049","OC",5,1e-05,0.609334,0.061325,0.282702,0.046628
"A","YoGI_040","OC",6,1e-05,0.511704,1e-05,0.488266,1e-05
"A","YoGI_121","OC",7,1e-05,0.297793,0.667535,0.034652,1e-05
"A","YoGI_037","OC",8,1e-05,1e-05,1e-05,0.99996,1e-05
"A","YoGI_067","OC",9,1e-05,0.343235,0.057583,0.563996,0.035176
"A","YoGI_175","SAM",1,0.99996,1e-05,1e-05,1e-05,1e-05
"A","YoGI_051","SAM",2,1e-05,0.99996,1e-05,1e-05,1e-05
"A","YoGI_031","SAM",3,0.04867,0.866618,0.084692,1e-05,1e-05
"A","YoGI_063","SAM",4,1e-05,0.759493,0.234506,0.005981,1e-05
"A","YoGI_062","SAM",5,1e-05,0.700725,0.08024,1e-05,0.219014
"A","YoGI_058","SAM",6,0.140432,0.570259,0.145045,0.144254,1e-05
"A","YoGI_032","SAM",7,0.15345,0.527558,0.093269,0.097318,0.128404
"A","YoGI_324","SAM",8,1e-05,0.307289,0.195908,0.297728,0.199065
"A","YoGI_321","SAM",9,0.194154,1e-05,0.805816,1e-05,1e-05
"A","YoGI_036","SAM",10,1e-05,0.124189,0.718389,1e-05,0.157402
"A","YoGI_059","SAM",11,0.183231,0.065604,0.507411,0.043352,0.200402
"A","YoGI_038","SAM",12,0.039362,0.182533,0.408619,0.100435,0.269051
"A","YoGI_331","SAM",13,1e-05,0.213558,0.40677,0.295838,0.083824
"A","YoGI_005","SAM",14,1e-05,1e-05,0.119353,0.793163,0.087464
"A","YoGI_335","SAM",15,0.075142,0.23479,0.091337,0.542476,0.056255
"A","YoGI_173","N/A",1,0.99996,1e-05,1e-05,1e-05,1e-05
"A","YoGI_176","N/A",2,0.99996,1e-05,1e-05,1e-05,1e-05
"A","YoGI_177","N/A",3,0.99996,1e-05,1e-05,1e-05,1e-05
"A","YoGI_136","N/A",4,0.03479,1e-05,0.96518,1e-05,1e-05
"A","YoGI_301","N/A",5,1e-05,1.7e-05,1e-05,1e-05,0.999953
"B","YoGI_174","AF",1,0.99996,1e-05,1e-05,1e-05,1e-05
"B","YoGI_237","AF",2,0.99996,1e-05,1e-05,1e-05,1e-05
"B","YoGI_283","AF",3,0.99996,1e-05,1e-05,1e-05,1e-05
"B","YoGI_015","AF",4,1e-05,0.99996,1e-05,1e-05,1e-05
"B","YoGI_142","AF",5,1e-05,0.99996,1e-05,1e-05,1e-05
"B","YoGI_218","AF",6,1e-05,0.99996,1e-05,1e-05,1e-05
"B","YoGI_097","AF",7,1e-05,0.999954,1.6e-05,1e-05,1e-05
"B","YoGI_141","AF",8,1e-05,0.975398,0.024572,1e-05,1e-05
"B","YoGI_016","AF",9,1e-05,0.99678,1e-05,0.00319,1e-05
"B","YoGI_034","AF",10,0.088801,0.695942,0.05418,1e-05,0.161066
"B","YoGI_055","AF",11,0.220472,0.530183,1e-05,1e-05,0.249325
"B","YoGI_164","AF",12,0.032482,0.667855,1e-05,0.163303,0.13635
"B","YoGI_154","AF",13,1e-05,0.485132,0.331387,0.008478,0.174993
"B","YoGI_153","AF",14,1e-05,0.906668,0.093302,1e-05,1e-05
"B","YoGI_308","AF",15,0.214707,0.291925,0.251349,0.065136,0.176883
"B","YoGI_119","AF",16,0.041739,0.257555,0.700682,1.3e-05,1e-05
"B","YoGI_004","AF",17,0.044983,0.118677,0.540895,0.177331,0.118115
"B","YoGI_013","AF",18,0.000536,0.087099,0.630388,0.16422,0.117758
"B","YoGI_318","AF",19,0.214084,0.164114,0.193572,0.283617,0.144614
"B","YoGI_020","AF",20,0.539696,0.313064,0.109606,0.037624,1e-05
"B","YoGI_274","AF",21,0.34919,0.134109,0.001265,0.001816,0.513621
"B","YoGI_017","AF",22,1e-05,1e-05,1e-05,1e-05,0.99996
"B","YoGI_019","AF",23,1e-05,1e-05,1e-05,1e-05,0.99996
"B","YoGI_029","AF",24,1e-05,1e-05,1e-05,1e-05,0.99996
"B","YoGI_064","AF",25,1e-05,1e-05,1e-05,0.007659,0.992311
"B","YoGI_299","AF",26,0.038633,0.02382,0.248588,0.092039,0.596921
"B","YoGI_140","AF",27,0.08552,0.169831,1e-05,1e-05,0.744629
"B","YoGI_018","AF",28,0.136347,0.264227,0.064637,0.096018,0.438771
"B","YoGI_009","AF",29,1e-05,1e-05,1e-05,0.99996,1e-05
"B","YoGI_011","AF",30,1e-05,1e-05,1e-05,0.99996,1e-05
"B","YoGI_012","AF",31,1e-05,1e-05,1e-05,0.99996,1e-05
"B","YoGI_010","AF",32,1e-05,1e-05,1e-05,0.99996,1e-05
"B","YoGI_166","AS",1,0.99996,1e-05,1e-05,1e-05,1e-05
"B","YoGI_204","AS",2,0.99996,1e-05,1e-05,1e-05,1e-05
"B","YoGI_238","AS",3,0.99996,1e-05,1e-05,1e-05,1e-05
"B","YoGI_241","AS",4,0.58798,0.133935,0.278065,1e-05,1e-05
"B","YoGI_272","AS",5,0.99996,1e-05,1e-05,1e-05,1e-05
"B","YoGI_194","AS",6,0.99996,1e-05,1e-05,1e-05,1e-05
"B","YoGI_248","AS",7,0.862859,1e-05,0.137111,1e-05,1e-05
"B","YoGI_221","AS",8,0.776191,0.14224,1e-05,1e-05,0.081549
"B","YoGI_088","AS",9,0.3299,0.540997,0.129083,1e-05,1e-05
"B","YoGI_196","AS",10,0.152189,0.614732,0.0758,0.004219,0.15306
"B","YoGI_127","AS",11,0.429002,0.17618,0.102957,1e-05,0.291851
"B","YoGI_186","AS",12,0.248157,0.357432,0.037241,1e-05,0.35716
"B","YoGI_191","AS",13,1e-05,0.776742,1e-05,0.09391,0.129328
"B","YoGI_098","AS",14,1e-05,0.997632,0.002338,1e-05,1e-05
"B","YoGI_160","AS",15,0.048424,0.785753,1e-05,0.063019,0.102794
"B","YoGI_161","AS",16,1e-05,0.630732,0.026151,0.343097,1e-05
"B","YoGI_144","AS",17,0.093179,0.63586,1e-05,1e-05,0.270941
"B","YoGI_162","AS",18,0.065185,0.51998,1e-05,1e-05,0.414816
"B","YoGI_101","AS",19,0.505413,0.370277,1e-05,1e-05,0.124291
"B","YoGI_061","AS",20,0.14204,0.446648,1e-05,0.064775,0.346526
"B","YoGI_083","AS",21,0.211253,0.50751,1e-05,1e-05,0.281218
"B","YoGI_163","AS",22,0.053139,0.637293,1e-05,1e-05,0.309548
"B","YoGI_201","AS",23,1e-05,0.741651,0.011117,0.047392,0.19983
"B","YoGI_242","AS",24,1e-05,0.400458,0.56888,1e-05,0.030642
"B","YoGI_303","AS",25,0.27795,0.432954,0.095486,0.044899,0.148711
"B","YoGI_265","AS",26,0.260131,0.325533,0.023647,0.113342,0.277346
"B","YoGI_050","AS",27,0.436127,0.349883,1e-05,1e-05,0.21397
"B","YoGI_113","AS",28,0.163895,0.521218,0.314867,1e-05,1e-05
"B","YoGI_035","AS",29,1e-05,0.345447,0.150605,0.364925,0.139013
"B","YoGI_135","AS",30,1e-05,0.313191,0.686779,1e-05,1e-05
"B","YoGI_171","AS",31,1e-05,1e-05,1e-05,0.99996,1e-05
"B","YoGI_170","AS",32,1e-05,1e-05,1e-05,0.99996,1e-05
"B","YoGI_128","AS",33,0.037046,0.247192,0.715742,1e-05,1e-05
"B","YoGI_198","AS",34,1e-05,0.271029,0.728941,1e-05,1e-05
"B","YoGI_199","AS",35,1e-05,0.270264,0.729706,1e-05,1e-05
"B","YoGI_236","AS",36,0.410356,0.183971,0.338247,1e-05,0.067416
"B","YoGI_326","AS",37,0.416523,0.17399,0.341759,1e-05,0.067719
"B","YoGI_008","AS",38,0.054188,0.287554,0.353233,0.263337,0.041687
"B","YoGI_320","AS",39,0.116513,0.266053,0.584308,0.033116,1e-05
"B","YoGI_086","AS",40,0.76627,1e-05,1e-05,0.2337,1e-05
"B","YoGI_102","AS",41,0.919247,1e-05,1e-05,1e-05,0.080723
"B","YoGI_081","AS",42,0.269651,0.152101,1e-05,0.349482,0.228756
"B","YoGI_330","AS",43,0.694994,0.193796,1e-05,1e-05,0.111189
"B","YoGI_313","AS",44,0.722131,0.045749,0.104094,0.07061,0.057416
"B","YoGI_264","AS",45,0.654006,1e-05,0.345269,0.000705,1e-05
"B","YoGI_053","AS",46,0.18583,0.361337,1e-05,1e-05,0.452813
"B","YoGI_323","AS",47,0.722499,0.195119,0.036945,0.008251,0.037186
"B","YoGI_315","AS",48,0.612097,0.139338,1e-05,1e-05,0.248546
"B","YoGI_327","AS",49,0.24243,0.067171,0.014258,0.159798,0.516343
"B","YoGI_306","AS",50,0.767546,0.129695,0.018573,1e-05,0.084177
"B","YoGI_006","AS",51,0.070799,0.265886,1e-05,0.414361,0.248944
"B","YoGI_205","AS",52,0.506046,0.16173,0.033103,1e-05,0.29911
"B","YoGI_047","AS",53,0.657587,0.342239,1e-05,0.000154,1e-05
"B","YoGI_139","AS",54,0.651723,1e-05,0.348247,1e-05,1e-05
"B","YoGI_334","AS",55,0.289544,0.124531,0.153887,0.203196,0.228843
"B","YoGI_304","AS",56,0.388556,0.067222,0.064275,0.102634,0.377313
"B","YoGI_007","AS",57,0.086191,0.173426,1e-05,0.540657,0.199716
"B","YoGI_235","AS",58,0.174095,0.201957,1e-05,1e-05,0.623928
"B","YoGI_027","AS",59,0.165042,0.395653,0.00921,1e-05,0.430086
"B","YoGI_245","AS",60,0.471432,0.305757,0.222791,1e-05,1e-05
"B","YoGI_002","AS",61,1e-05,1e-05,1e-05,1e-05,0.99996
"B","YoGI_021","AS",62,1e-05,1e-05,1e-05,1e-05,0.99996
"B","YoGI_023","AS",63,1e-05,1e-05,1e-05,1e-05,0.99996
"B","YoGI_025","AS",64,1e-05,1e-05,1e-05,1e-05,0.99996
"B","YoGI_026","AS",65,1e-05,1e-05,1e-05,1e-05,0.99996
"B","YoGI_033","AS",66,1e-05,1e-05,1e-05,1e-05,0.99996
"B","YoGI_137","AS",67,1e-05,1e-05,1e-05,1e-05,0.99996
"B","YoGI_152","AS",68,1e-05,1e-05,1e-05,1e-05,0.99996
"B","YoGI_197","AS",69,1e-05,1e-05,1e-05,1e-05,0.99996
"B","YoGI_210","AS",70,1e-05,0.009298,1e-05,1e-05,0.990672
"B","YoGI_228","AS",71,1e-05,1e-05,1e-05,1e-05,0.99996
"B","YoGI_262","AS",72,1e-05,1e-05,1e-05,1e-05,0.99996
"B","YoGI_309","AS",73,1e-05,1e-05,1e-05,1e-05,0.99996
"B","YoGI_332","AS",74,0.076507,1e-05,1e-05,1e-05,0.923463
"B","YoGI_267","AS",75,1e-05,1e-05,1e-05,1e-05,0.99996
"B","YoGI_076","AS",76,0.05512,0.023343,0.027917,1e-05,0.893611
"B","YoGI_260","AS",77,1e-05,1e-05,1e-05,1e-05,0.99996
"B","YoGI_257","AS",78,1e-05,1e-05,0.133776,1e-05,0.866194
"B","YoGI_258","AS",79,1e-05,0.117221,1e-05,0.088639,0.794119
"B","YoGI_028","AS",80,0.131578,1e-05,1e-05,0.082682,0.78572
"B","YoGI_259","AS",81,0.046061,0.029453,1e-05,0.039089,0.885386
"B","YoGI_208","AS",82,1e-05,0.032798,1e-05,0.190211,0.77697
"B","YoGI_024","AS",83,0.145948,1e-05,1.3e-05,0.035581,0.818448
"B","YoGI_193","AS",84,1e-05,1e-05,1e-05,1e-05,0.99996
"B","YoGI_209","AS",85,1e-05,0.03782,0.514036,1e-05,0.448124
"B","YoGI_022","AS",86,0.144858,1e-05,1e-05,0.126168,0.728953
"B","YoGI_211","AS",87,0.164808,1e-05,0.203945,0.009284,0.621953
"B","YoGI_312","AS",88,0.058956,1e-05,1e-05,1e-05,0.941014
"B","YoGI_263","AS",89,1e-05,1e-05,0.427507,0.070624,0.501849
"B","YoGI_168","AS",90,0.257199,0.093806,1e-05,0.013439,0.635546
"B","YoGI_227","AS",91,1e-05,0.344678,0.109056,0.115731,0.430525
"B","YoGI_165","AS",92,0.022031,0.101957,0.010851,0.21523,0.649932
"B","YoGI_195","AS",93,0.524709,1e-05,1e-05,1e-05,0.475261
"B","YoGI_266","AS",94,0.461897,0.111596,0.03395,0.099323,0.293233
"B","YoGI_104","AS",95,0.046507,0.087662,0.439113,0.005895,0.420823
"B","YoGI_060","AS",96,0.041325,0.166954,1e-05,0.088111,0.7036
"B","YoGI_268","AS",97,1e-05,1e-05,0.789422,1e-05,0.210548
"B","YoGI_145","AS",98,0.201929,0.636929,1e-05,0.005676,0.155456
"B","YoGI_240","AS",99,0.155593,0.117399,0.27402,1e-05,0.452978
"B","YoGI_206","AS",100,1e-05,0.690794,0.094691,1e-05,0.214495
"B","YoGI_150","AS",101,0.281984,0.321117,1e-05,1e-05,0.39688
"B","YoGI_114","AS",102,0.012003,0.225072,0.072811,1e-05,0.690104
"B","YoGI_041","AS",103,0.011925,0.476014,0.046443,0.012192,0.453426
"B","YoGI_247","AS",104,0.304294,0.279379,0.163345,1e-05,0.252972
"B","YoGI_200","AS",105,0.059672,0.283257,0.216295,0.076138,0.364638
"B","YoGI_148","EU",1,0.861567,0.138403,1e-05,1e-05,1e-05
"B","YoGI_202","EU",2,0.927759,0.072211,1e-05,1e-05,1e-05
"B","YoGI_251","EU",3,0.931568,1e-05,0.068402,1e-05,1e-05
"B","YoGI_276","EU",4,0.999957,1.3e-05,1e-05,1e-05,1e-05
"B","YoGI_277","EU",5,0.99996,1e-05,1e-05,1e-05,1e-05
"B","YoGI_279","EU",6,0.999954,1e-05,1.6e-05,1e-05,1e-05
"B","YoGI_290","EU",7,0.959249,1e-05,1e-05,0.040721,1e-05
"B","YoGI_147","EU",8,0.866704,0.133266,1e-05,1e-05,1e-05
"B","YoGI_213","EU",9,0.881423,0.111137,1e-05,0.007419,1e-05
"B","YoGI_185","EU",10,0.959512,1e-05,0.040458,1e-05,1e-05
"B","YoGI_278","EU",11,0.99996,1e-05,1e-05,1e-05,1e-05
"B","YoGI_287","EU",12,0.99996,1e-05,1e-05,1e-05,1e-05
"B","YoGI_280","EU",13,0.99996,1e-05,1e-05,1e-05,1e-05
"B","YoGI_085","EU",14,0.877767,0.0911,1e-05,1e-05,0.031113
"B","YoGI_203","EU",15,0.867336,0.093145,1e-05,1e-05,0.0395
"B","YoGI_305","EU",16,0.896733,0.048123,1e-05,1e-05,0.055124
"B","YoGI_289","EU",17,0.99996,1e-05,1e-05,1e-05,1e-05
"B","YoGI_297","EU",18,0.99996,1e-05,1e-05,1e-05,1e-05
"B","YoGI_296","EU",19,0.975992,1e-05,1e-05,1e-05,0.023978
"B","YoGI_295","EU",20,0.908428,0.032706,0.058846,1e-05,1e-05
"B","YoGI_270","EU",21,0.99996,1e-05,1e-05,1e-05,1e-05
"B","YoGI_130","EU",22,0.868691,1e-05,0.131279,1e-05,1e-05
"B","YoGI_243","EU",23,0.910865,0.08472,1e-05,1e-05,0.004395
"B","YoGI_180","EU",24,0.438235,0.34671,0.215034,1e-05,1e-05
"B","YoGI_184","EU",25,0.720375,0.161902,0.064987,1e-05,0.052726
"B","YoGI_232","EU",26,0.344801,0.485657,0.157565,0.011966,1e-05
"B","YoGI_253","EU",27,0.367564,0.407845,0.155735,0.068846,1e-05
"B","YoGI_294","EU",28,0.670884,0.210411,1e-05,0.036322,0.082373
"B","YoGI_131","EU",29,0.541517,1e-05,0.458453,1e-05,1e-05
"B","YoGI_090","EU",30,0.429963,1e-05,0.570007,1e-05,1e-05
"B","YoGI_124","EU",31,0.749387,0.016491,0.234102,1e-05,1e-05
"B","YoGI_123","EU",32,0.75041,0.014979,0.234591,1e-05,1e-05
"B","YoGI_125","EU",33,0.33141,0.611827,0.056743,1e-05,1e-05
"B","YoGI_233","EU",34,0.364779,0.458927,0.176274,1e-05,1e-05
"B","YoGI_192","EU",35,0.428336,0.24197,0.104879,0.058603,0.166212
"B","YoGI_244","EU",36,0.457139,0.319631,0.22321,1e-05,1e-05
"B","YoGI_189","EU",37,0.359967,0.315374,0.177895,1e-05,0.146754
"B","YoGI_255","EU",38,1e-05,0.969387,0.030583,1e-05,1e-05
"B","YoGI_226","EU",39,1e-05,0.911057,0.053846,0.035077,1e-05
"B","YoGI_225","EU",40,0.115183,0.818882,0.053941,0.011985,1e-05
"B","YoGI_224","EU",41,0.095232,0.893191,1e-05,1e-05,0.011557
"B","YoGI_120","EU",42,0.039319,0.646476,0.129772,0.184423,1e-05
"B","YoGI_222","EU",43,1e-05,0.798164,0.201806,1e-05,1e-05
"B","YoGI_188","EU",44,0.131107,0.72155,0.004833,0.087253,0.055257
"B","YoGI_190","EU",45,0.010753,0.764838,0.211341,0.013058,1e-05
"B","YoGI_223","EU",46,0.048685,0.763547,0.170312,0.017445,1e-05
"B","YoGI_155","EU",47,1e-05,0.78323,1e-05,0.048754,0.167996
"B","YoGI_151","EU",48,0.134379,0.865591,1e-05,1e-05,1e-05
"B","YoGI_117","EU",49,0.00324,0.78345,0.21329,1e-05,1e-05
"B","YoGI_156","EU",50,0.109211,0.27636,1e-05,0.614409,1e-05
"B","YoGI_183","EU",51,0.368567,0.631403,1e-05,1e-05,1e-05
"B","YoGI_109","EU",52,1e-05,0.81252,0.13532,0.052139,1e-05
"B","YoGI_159","EU",53,0.197206,0.721832,0.080942,1e-05,1e-05
"B","YoGI_129","EU",54,0.170111,0.558737,0.260387,1e-05,0.010755
"B","YoGI_252","EU",55,0.249435,0.309849,0.058774,0.027728,0.354213
"B","YoGI_256","EU",56,0.268759,0.375625,0.031668,0.122937,0.20101
"B","YoGI_187","EU",57,0.178588,0.59061,0.049753,0.014746,0.166304
"B","YoGI_157","EU",58,0.47869,0.407772,0.066891,1e-05,0.046636
"B","YoGI_254","EU",59,0.448964,0.544397,0.006619,1e-05,1e-05
"B","YoGI_003","EU",60,0.690597,0.297182,1e-05,1e-05,0.0122
"B","YoGI_149","EU",61,0.595334,0.210256,1e-05,0.116822,0.077578
"B","YoGI_132","EU",62,0.585482,0.272517,0.141982,1e-05,1e-05
"B","YoGI_070","EU",63,0.532379,0.343621,1e-05,0.002643,0.121347
"B","YoGI_126","EU",64,0.456201,0.075514,0.46641,0.001864,1e-05
"B","YoGI_179","EU",65,0.192296,0.508813,0.222582,1e-05,0.076299
"B","YoGI_112","EU",66,0.185186,0.48975,0.325044,1e-05,1e-05
"B","YoGI_214","EU",67,0.157747,0.421625,0.093458,0.01752,0.309651
"B","YoGI_095","EU",68,1e-05,1e-05,0.99996,1e-05,1e-05
"B","YoGI_100","EU",69,1e-05,1.9e-05,0.999951,1e-05,1e-05
"B","YoGI_134","EU",70,0.050039,1e-05,0.949931,1e-05,1e-05
"B","YoGI_138","EU",71,1.9e-05,1e-05,0.999951,1e-05,1e-05
"B","YoGI_346","EU",72,0.246452,1e-05,0.753518,1e-05,1e-05
"B","YoGI_096","EU",73,1e-05,1e-05,0.99996,1e-05,1e-05
"B","YoGI_133","EU",74,0.198038,1e-05,0.801932,1e-05,1e-05
"B","YoGI_111","EU",75,1e-05,1e-05,0.791179,0.208791,1e-05
"B","YoGI_099","EU",76,1e-05,1e-05,0.99996,1e-05,1e-05
"B","YoGI_269","EU",77,1e-05,1e-05,0.99996,1e-05,1e-05
"B","YoGI_172","EU",78,1e-05,1e-05,1e-05,0.99996,1e-05
"B","YoGI_344","EU",79,1e-05,1e-05,0.99996,1e-05,1e-05
"B","YoGI_107","EU",80,1e-05,1e-05,0.99996,1e-05,1e-05
"B","YoGI_108","EU",81,1e-05,1e-05,0.99996,1e-05,1e-05
"B","YoGI_178","EU",82,0.265872,1e-05,0.734098,1e-05,1e-05
"B","YoGI_106","EU",83,0.335565,1.3e-05,0.664402,1e-05,1e-05
"B","YoGI_146","EU",84,0.288829,1e-05,0.711141,1e-05,1e-05
"B","YoGI_281","EU",85,0.003297,0.197382,0.799301,1e-05,1e-05
"B","YoGI_337","EU",86,0.249719,0.032047,0.526555,0.191668,1e-05
"B","YoGI_341","EU",87,0.394232,1e-05,0.605738,1e-05,1e-05
"B","YoGI_282","EU",88,0.050187,0.121042,0.64137,0.18739,1e-05
"B","YoGI_094","EU",89,0.365968,1e-05,0.634002,1e-05,1e-05
"B","YoGI_122","EU",90,0.149026,1e-05,0.850944,1e-05,1e-05
"B","YoGI_110","EU",91,0.200013,0.102844,0.697123,1e-05,1e-05
"B","YoGI_093","EU",92,0.478271,1e-05,0.521699,1e-05,1e-05
"B","YoGI_092","EU",93,0.479901,1e-05,0.520069,1e-05,1e-05
"B","YoGI_239","EU",94,0.046801,0.519979,0.421643,0.011567,1e-05
"B","YoGI_116","EU",95,0.020213,0.396311,0.583457,1e-05,1e-05
"B","YoGI_348","EU",96,0.319108,0.078782,0.435663,0.092362,0.074086
"B","YoGI_291","EU",97,0.012638,0.229343,0.40071,0.076824,0.280485
"B","YoGI_284","EU",98,0.655171,1e-05,1e-05,0.344799,1e-05
"B","YoGI_286","EU",99,0.679414,1e-05,1e-05,0.320556,1e-05
"B","YoGI_329","EU",100,0.726835,1e-05,0.031412,0.212104,0.02964
"B","YoGI_328","EU",101,0.684144,1e-05,0.082369,0.203229,0.030248
"B","YoGI_065","EU",102,0.767193,0.037016,0.075573,0.120208,1e-05
"B","YoGI_182","EU",103,0.210967,0.252362,1e-05,1e-05,0.536651
"B","YoGI_343","EU",104,0.526893,0.041463,0.199162,0.134568,0.097915
"B","YoGI_288","EU",105,0.226733,0.102143,1e-05,1e-05,0.671104
"B","YoGI_066","EU",106,0.648655,0.080587,1e-05,0.10084,0.169908
"B","YoGI_234","EU",107,0.585753,0.311596,0.052734,1e-05,0.049908
"B","YoGI_273","EU",108,0.184827,0.123837,1e-05,1e-05,0.691316
"B","YoGI_230","EU",109,0.333564,0.023508,1e-05,0.642907,1e-05
"B","YoGI_275","EU",110,0.480065,1e-05,0.01428,1e-05,0.505636
"B","YoGI_285","EU",111,0.531913,0.176663,0.029174,0.030323,0.231926
"B","YoGI_215","EU",112,0.229416,0.230362,0.081248,0.105323,0.353651
"B","YoGI_350","EU",113,0.376404,0.139357,0.223054,0.0838,0.177385
"B","YoGI_345","EU",114,0.457337,0.046517,0.35244,0.097101,0.046604
"B","YoGI_039","EU",115,1e-05,0.087487,1e-05,0.125901,0.786591
"B","YoGI_293","EU",116,0.252973,0.04081,1e-05,0.085654,0.620552
"B","YoGI_298","EU",117,0.329577,1e-05,0.039722,1e-05,0.630681
"B","YoGI_302","EU",118,1e-05,0.018434,0.095,0.022435,0.864121
"B","YoGI_250","EU",119,0.127106,0.080318,1e-05,1e-05,0.792555
"B","YoGI_231","EU",120,0.476731,0.147054,1e-05,0.049539,0.326666
"B","YoGI_217","EU",121,0.199787,0.100546,0.001383,1e-05,0.698273
"B","YoGI_216","EU",122,0.240504,0.172874,0.023807,1e-05,0.562805
"B","YoGI_249","EU",123,0.471931,0.187841,0.089319,0.002714,0.248195
"B","YoGI_042","NAM",1,0.101713,0.869376,1e-05,0.028891,1e-05
"B","YoGI_057","NAM",2,0.020396,0.926693,0.052892,1e-05,1e-05
"B","YoGI_073","NAM",3,0.188348,0.54893,1e-05,0.262702,1e-05
"B","YoGI_069","NAM",4,0.378287,0.264177,1e-05,0.045044,0.312482
"B","YoGI_052","NAM",5,0.184934,0.517558,0.297489,1e-05,1e-05
"B","YoGI_078","NAM",6,0.229169,1e-05,0.406205,0.348718,0.015898
"B","YoGI_336","NAM",7,0.338444,0.135192,0.363003,0.081359,0.082002
"B","YoGI_014","NAM",8,0.99996,1e-05,1e-05,1e-05,1e-05
"B","YoGI_043","NAM",9,0.502775,0.368741,0.067566,0.060908,1e-05
"B","YoGI_075","NAM",10,0.315099,0.256764,0.189547,0.145842,0.092747
"B","YoGI_068","NAM",11,0.604837,0.260521,1e-05,0.050566,0.084066
"B","YoGI_056","NAM",12,1e-05,1e-05,1e-05,1e-05,0.99996
"B","YoGI_077","NAM",13,0.079096,0.034718,1e-05,0.035121,0.851054
"B","YoGI_048","NAM",14,0.031129,0.453478,0.009826,1e-05,0.505558
"B","YoGI_220","OC",1,0.077791,0.792223,0.037343,0.091166,0.001477
"B","YoGI_046","OC",2,0.026827,0.96585,1e-05,0.007303,1e-05
"B","YoGI_084","OC",3,1e-05,0.99996,1e-05,1e-05,1e-05
"B","YoGI_087","OC",4,0.312696,0.68154,0.005744,1e-05,1e-05
"B","YoGI_049","OC",5,0.199389,0.315023,1e-05,0.053574,0.432004
"B","YoGI_040","OC",6,0.265148,0.665651,1e-05,0.069181,1e-05
"B","YoGI_121","OC",7,1e-05,0.436011,0.536371,0.027599,1e-05
"B","YoGI_037","OC",8,0.99996,1e-05,1e-05,1e-05,1e-05
"B","YoGI_067","OC",9,0.104466,0.628501,0.112652,0.017304,0.137076
"B","YoGI_175","SAM",1,0.99996,1e-05,1e-05,1e-05,1e-05
"B","YoGI_051","SAM",2,1e-05,0.99996,1e-05,1e-05,1e-05
"B","YoGI_031","SAM",3,0.044209,0.848407,0.107365,1e-05,1e-05
"B","YoGI_063","SAM",4,1e-05,0.578212,1e-05,0.329578,0.09219
"B","YoGI_062","SAM",5,1e-05,0.439735,0.056369,0.023544,0.480342
"B","YoGI_058","SAM",6,1e-05,0.647957,1e-05,0.352013,1e-05
"B","YoGI_032","SAM",7,0.08105,0.308819,1e-05,0.610111,1e-05
"B","YoGI_324","SAM",8,0.311063,0.272143,0.08057,0.201768,0.134456
"B","YoGI_321","SAM",9,1e-05,1e-05,0.99996,1e-05,1e-05
"B","YoGI_036","SAM",10,1e-05,0.326125,0.537749,0.136107,1e-05
"B","YoGI_059","SAM",11,0.081107,0.260621,0.250107,0.061475,0.34669
"B","YoGI_038","SAM",12,1e-05,0.367727,0.428185,0.185711,0.018367
"B","YoGI_331","SAM",13,0.055984,0.302282,0.109684,0.356772,0.175278
"B","YoGI_005","SAM",14,0.338695,0.176998,1e-05,0.315764,0.168533
"B","YoGI_335","SAM",15,0.563772,0.12254,0.10802,0.080872,0.124796
"B","YoGI_173","N/A",1,0.99996,1e-05,1e-05,1e-05,1e-05
"B","YoGI_176","N/A",2,0.999954,1.6e-05,1e-05,1e-05,1e-05
"B","YoGI_177","N/A",3,0.99996,1e-05,1e-05,1e-05,1e-05
"B","YoGI_136","N/A",4,1e-05,1e-05,0.99996,1e-05,1e-05
"B","YoGI_301","N/A",5,0.043871,1e-05,1e-05,1e-05,0.956099
"D","YoGI_174","AF",1,0.427335,1e-05,1e-05,0.572635,1e-05
"D","YoGI_237","AF",2,0.337881,1e-05,1e-05,0.662089,1e-05
"D","YoGI_283","AF",3,0.820884,1e-05,0.179086,1e-05,1e-05
"D","YoGI_015","AF",4,1.1e-05,0.999959,1e-05,1e-05,1e-05
"D","YoGI_142","AF",5,1e-05,0.99996,1e-05,1e-05,1e-05
"D","YoGI_218","AF",6,1e-05,0.864403,0.135567,1e-05,1e-05
"D","YoGI_097","AF",7,1e-05,0.095163,1e-05,0.904807,1e-05
"D","YoGI_141","AF",8,1e-05,0.687065,0.242894,1e-05,0.070021
"D","YoGI_016","AF",9,1e-05,0.093453,1e-05,0.906517,1e-05
"D","YoGI_034","AF",10,0.158056,0.841914,1e-05,1e-05,1e-05
"D","YoGI_055","AF",11,0.021629,0.657405,1e-05,0.224151,0.096805
"D","YoGI_164","AF",12,1e-05,0.305724,0.243541,0.289868,0.160857
"D","YoGI_154","AF",13,1e-05,1e-05,1e-05,0.723021,0.276949
"D","YoGI_153","AF",14,1e-05,0.319722,1e-05,0.680248,1e-05
"D","YoGI_308","AF",15,0.19101,0.106825,1e-05,0.702144,1e-05
"D","YoGI_119","AF",16,1e-05,0.15832,0.477917,0.196611,0.167142
"D","YoGI_004","AF",17,1e-05,0.116328,0.312637,0.261755,0.309271
"D","YoGI_013","AF",18,1e-05,0.179262,0.384742,0.216977,0.219009
"D","YoGI_318","AF",19,1e-05,1e-05,1e-05,0.839049,0.160921
"D","YoGI_020","AF",20,0.405163,0.212666,0.289431,1e-05,0.092731
"D","YoGI_274","AF",21,0.315521,0.215308,0.042605,1e-05,0.426556
"D","YoGI_017","AF",22,1e-05,1e-05,1e-05,1e-05,0.99996
"D","YoGI_019","AF",23,1e-05,1e-05,1e-05,1e-05,0.99996
"D","YoGI_029","AF",24,1e-05,1e-05,1e-05,1e-05,0.99996
"D","YoGI_064","AF",25,1e-05,0.158409,1.7e-05,1.5e-05,0.841549
"D","YoGI_299","AF",26,1e-05,0.267035,0.180209,1e-05,0.552737
"D","YoGI_140","AF",27,0.001148,0.335752,0.01554,1e-05,0.647551
"D","YoGI_018","AF",28,0.002563,0.098123,0.020605,0.219652,0.659057
"D","YoGI_009","AF",29,0.054775,0.152653,0.114298,1e-05,0.678265
"D","YoGI_011","AF",30,1e-05,1e-05,1e-05,0.467668,0.532302
"D","YoGI_012","AF",31,1e-05,1e-05,1.9e-05,0.467357,0.532604
"D","YoGI_010","AF",32,1e-05,1e-05,1e-05,0.491466,0.508504
"D","YoGI_166","AS",1,0.81792,1e-05,0.18205,1e-05,1e-05
"D","YoGI_204","AS",2,0.837953,1.3e-05,0.162014,1e-05,1e-05
"D","YoGI_238","AS",3,0.347914,1e-05,1e-05,0.652056,1e-05
"D","YoGI_241","AS",4,0.169135,1e-05,1e-05,0.830835,1e-05
"D","YoGI_272","AS",5,0.812204,1e-05,0.187766,1e-05,1e-05
"D","YoGI_194","AS",6,0.999953,1e-05,1.7e-05,1e-05,1e-05
"D","YoGI_248","AS",7,0.196465,1e-05,1e-05,0.778205,0.02531
"D","YoGI_221","AS",8,0.541503,0.018828,0.286397,1e-05,0.153262
"D","YoGI_088","AS",9,0.162972,0.571792,0.265216,1e-05,1e-05
"D","YoGI_196","AS",10,0.06115,0.247394,1e-05,0.332148,0.359298
"D","YoGI_127","AS",11,0.069265,1e-05,1e-05,0.880372,0.050343
"D","YoGI_186","AS",12,0.179653,0.450183,0.046173,1e-05,0.323982
"D","YoGI_191","AS",13,1e-05,0.840642,0.159328,1e-05,1e-05
"D","YoGI_098","AS",14,1e-05,0.070729,1e-05,0.929241,1e-05
"D","YoGI_160","AS",15,0.101525,0.685333,0.120805,1e-05,0.092327
"D","YoGI_161","AS",16,1e-05,0.132515,1e-05,0.867455,1e-05
"D","YoGI_144","AS",17,1e-05,0.481793,0.048622,1e-05,0.469564
"D","YoGI_162","AS",18,1e-05,0.897313,1e-05,1e-05,0.102657
"D","YoGI_101","AS",19,0.261435,0.653243,1e-05,1e-05,0.085302
"D","YoGI_061","AS",20,1e-05,0.418196,0.126935,1e-05,0.454849
"D","YoGI_083","AS",21,0.149561,0.497565,1e-05,1e-05,0.352853
"D","YoGI_163","AS",22,1e-05,0.904755,1e-05,1e-05,0.095215
"D","YoGI_201","AS",23,1e-05,0.487492,0.137373,1e-05,0.375115
"D","YoGI_242","AS",24,1e-05,0.45054,0.476914,1e-05,0.072527
"D","YoGI_303","AS",25,1e-05,1e-05,1e-05,0.644194,0.355776
"D","YoGI_265","AS",26,0.148999,0.314085,0.209255,0.005316,0.322346
"D","YoGI_050","AS",27,0.293722,0.351928,1e-05,0.223444,0.130896
"D","YoGI_113","AS",28,1e-05,0.533953,0.466017,1e-05,1e-05
"D","YoGI_035","AS",29,1e-05,1e-05,1e-05,0.72109,0.27888
"D","YoGI_135","AS",30,1e-05,0.113223,1e-05,0.886747,1e-05
"D","YoGI_171","AS",31,1e-05,1e-05,0.286645,0.713325,1e-05
"D","YoGI_170","AS",32,1e-05,1e-05,0.228285,0.771685,1e-05
"D","YoGI_128","AS",33,1e-05,0.174744,0.483988,0.192703,0.148556
"D","YoGI_198","AS",34,1e-05,0.233565,0.550098,0.216318,1e-05
"D","YoGI_199","AS",35,1e-05,0.232657,0.544755,0.222568,1e-05
"D","YoGI_236","AS",36,0.53967,0.115556,0.200904,1e-05,0.143861
"D","YoGI_326","AS",37,0.528268,0.110083,0.22875,1e-05,0.132889
"D","YoGI_008","AS",38,0.100185,0.194999,0.448996,1e-05,0.25581
"D","YoGI_320","AS",39,1e-05,0.140136,0.65293,0.206915,1e-05
"D","YoGI_086","AS",40,0.463137,0.145798,0.11159,0.216139,0.063336
"D","YoGI_102","AS",41,0.575487,1.3e-05,1e-05,1e-05,0.42448
"D","YoGI_081","AS",42,0.347205,0.210412,0.040294,1e-05,0.402079
"D","YoGI_330","AS",43,0.515199,0.335907,1e-05,1e-05,0.148875
"D","YoGI_313","AS",44,0.602867,0.036375,0.183784,1e-05,0.176964
"D","YoGI_264","AS",45,0.262418,0.167706,0.406728,1e-05,0.163138
"D","YoGI_053","AS",46,0.185705,0.491154,1e-05,1e-05,0.323121
"D","YoGI_323","AS",47,0.393712,0.110202,1e-05,0.467045,0.029031
"D","YoGI_315","AS",48,0.929747,1e-05,1e-05,1e-05,0.070223
"D","YoGI_327","AS",49,0.251745,0.140725,0.12609,1e-05,0.481429
"D","YoGI_306","AS",50,0.4089,0.155786,0.245091,1e-05,0.190214
"D","YoGI_006","AS",51,0.134002,0.330563,0.01809,1e-05,0.517334
"D","YoGI_205","AS",52,0.375195,0.216599,0.083492,0.044248,0.280467
"D","YoGI_047","AS",53,0.014159,0.084795,1e-05,0.901025,1e-05
"D","YoGI_139","AS",54,0.451114,1e-05,1e-05,0.548856,1e-05
"D","YoGI_334","AS",55,0.125801,0.156114,0.275458,0.045657,0.39697
"D","YoGI_304","AS",56,0.251251,0.03481,0.206738,0.011941,0.49526
"D","YoGI_007","AS",57,0.015396,0.149689,0.057787,0.228749,0.548379
"D","YoGI_235","AS",58,0.090604,0.23601,1e-05,1e-05,0.673366
"D","YoGI_027","AS",59,0.232395,0.534939,1e-05,1e-05,0.232645
"D","YoGI_245","AS",60,0.155464,0.286601,0.373041,0.180175,0.00472
"D","YoGI_002","AS",61,0.028441,0.215184,1e-05,1e-05,0.756355
"D","YoGI_021","AS",62,1e-05,1e-05,1.7e-05,1e-05,0.999953
"D","YoGI_023","AS",63,1e-05,1e-05,1e-05,1e-05,0.99996
"D","YoGI_025","AS",64,1e-05,1e-05,1e-05,1e-05,0.99996
"D","YoGI_026","AS",65,1e-05,1e-05,1e-05,1e-05,0.99996
"D","YoGI_033","AS",66,1e-05,1e-05,1e-05,1e-05,0.99996
"D","YoGI_137","AS",67,1e-05,0.092129,1e-05,1e-05,0.907841
"D","YoGI_152","AS",68,1e-05,0.059823,1e-05,1e-05,0.940147
"D","YoGI_197","AS",69,0.025988,0.182503,0.092852,1e-05,0.698647
"D","YoGI_210","AS",70,1e-05,0.231814,1e-05,1e-05,0.768156
"D","YoGI_228","AS",71,1e-05,1e-05,1e-05,1e-05,0.99996
"D","YoGI_262","AS",72,1e-05,0.067775,1e-05,1e-05,0.932195
"D","YoGI_309","AS",73,1e-05,1e-05,1e-05,1e-05,0.99996
"D","YoGI_332","AS",74,0.028509,0.034714,0.069862,1e-05,0.866906
"D","YoGI_267","AS",75,1e-05,1e-05,1e-05,1e-05,0.99996
"D","YoGI_076","AS",76,1e-05,1e-05,0.122377,1e-05,0.877593
"D","YoGI_260","AS",77,1e-05,0.037853,1e-05,1e-05,0.962117
"D","YoGI_257","AS",78,1e-05,1e-05,1e-05,1e-05,0.99996
"D","YoGI_258","AS",79,1e-05,1e-05,1e-05,1e-05,0.99996
"D","YoGI_028","AS",80,0.14574,1e-05,1e-05,1e-05,0.85423
"D","YoGI_259","AS",81,1e-05,0.047304,1e-05,1e-05,0.952666
"D","YoGI_208","AS",82,1e-05,0.169166,0.022901,1e-05,0.807913
"D","YoGI_024","AS",83,0.163893,1e-05,1e-05,1e-05,0.836077
"D","YoGI_193","AS",84,1e-05,0.195566,1e-05,1e-05,0.804404
"D","YoGI_209","AS",85,1e-05,0.10855,0.418807,0.007341,0.465291
"D","YoGI_022","AS",86,0.208885,0.081866,1e-05,1e-05,0.709229
"D","YoGI_211","AS",87,1e-05,0.006458,0.187279,0.191355,0.614898
"D","YoGI_312","AS",88,1e-05,0.27517,0.149871,1e-05,0.574939
"D","YoGI_263","AS",89,0.096347,1e-05,0.025211,0.191355,0.687077
"D","YoGI_168","AS",90,0.305408,0.036737,1e-05,1e-05,0.657835
"D","YoGI_227","AS",91,1e-05,1e-05,1e-05,0.710345,0.289625
"D","YoGI_165","AS",92,0.055374,1e-05,0.124876,1e-05,0.81973
"D","YoGI_195","AS",93,0.513181,1e-05,1e-05,1e-05,0.486789
"D","YoGI_266","AS",94,0.288548,0.101539,1e-05,1e-05,0.609893
"D","YoGI_104","AS",95,1e-05,0.229537,0.247098,1e-05,0.523346
"D","YoGI_060","AS",96,0.109006,0.265187,1e-05,1e-05,0.625788
"D","YoGI_268","AS",97,0.192655,0.034414,0.206454,1e-05,0.566467
"D","YoGI_145","AS",98,0.236527,0.433119,0.088698,1e-05,0.241646
"D","YoGI_240","AS",99,0.030323,0.116307,0.208108,1e-05,0.645252
"D","YoGI_206","AS",100,1e-05,1e-05,1e-05,0.782913,0.217057
"D","YoGI_150","AS",101,0.343514,0.170101,0.037094,1e-05,0.449281
"D","YoGI_114","AS",102,0.071811,0.136303,0.148621,1e-05,0.643255
"D","YoGI_041","AS",103,1e-05,0.086915,1e-05,0.561533,0.351532
"D","YoGI_247","AS",104,1e-05,0.277512,0.482281,1e-05,0.240186
"D","YoGI_200","AS",105,0.015125,0.054508,0.082929,0.2148,0.632637
"D","YoGI_148","EU",1,0.559484,0.176409,0.264086,1e-05,1e-05
"D","YoGI_202","EU",2,0.294907,1e-05,1e-05,0.705063,1e-05
"D","YoGI_251","EU",3,0.299397,1e-05,1e-05,0.700573,1e-05
"D","YoGI_276","EU",4,0.599076,1e-05,0.400894,1e-05,1e-05
"D","YoGI_277","EU",5,0.592172,1e-05,0.407798,1e-05,1e-05
"D","YoGI_279","EU",6,0.836947,1e-05,0.163023,1e-05,1e-05
"D","YoGI_290","EU",7,0.468746,1e-05,1e-05,0.531224,1e-05
"D","YoGI_147","EU",8,0.569882,0.183102,0.246996,1e-05,1e-05
"D","YoGI_213","EU",9,0.483186,1e-05,1e-05,0.516784,1e-05
"D","YoGI_185","EU",10,0.415429,1e-05,0.016471,0.568079,1e-05
"D","YoGI_278","EU",11,0.775734,1e-05,0.224236,1e-05,1e-05
"D","YoGI_287","EU",12,0.755054,0.043902,0.201023,1e-05,1e-05
"D","YoGI_280","EU",13,0.999951,1.9e-05,1e-05,1e-05,1e-05
"D","YoGI_085","EU",14,0.665265,0.141048,0.193668,1e-05,1e-05
"D","YoGI_203","EU",15,0.612774,1e-05,0.327969,1e-05,0.059237
"D","YoGI_305","EU",16,0.659753,1e-05,0.244775,1e-05,0.095452
"D","YoGI_289","EU",17,0.645561,1e-05,0.354409,1e-05,1e-05
"D","YoGI_297","EU",18,0.807929,1e-05,0.089594,1e-05,0.102457
"D","YoGI_296","EU",19,0.768562,1e-05,0.110511,1e-05,0.120908
"D","YoGI_295","EU",20,0.709647,1e-05,0.20367,1e-05,0.086663
"D","YoGI_270","EU",21,0.610264,1e-05,0.389706,1e-05,1e-05
"D","YoGI_130","EU",22,0.286774,0.04157,0.643681,1e-05,0.027965
"D","YoGI_243","EU",23,0.615929,0.09092,0.147472,1e-05,0.145669
"D","YoGI_180","EU",24,0.203881,1e-05,1e-05,0.796089,1e-05
"D","YoGI_184","EU",25,0.614679,0.129566,0.172768,1e-05,0.082976
"D","YoGI_232","EU",26,0.193266,0.129804,0.007606,0.669314,1e-05
"D","YoGI_253","EU",27,0.172469,1e-05,0.045527,0.649999,0.131995
"D","YoGI_294","EU",28,0.535838,1e-05,0.296382,1e-05,0.16776
"D","YoGI_131","EU",29,0.127173,1e-05,0.872797,1e-05,1e-05
"D","YoGI_090","EU",30,0.044539,1e-05,0.955431,1e-05,1e-05
"D","YoGI_124","EU",31,0.140922,1e-05,0.19076,0.668298,1e-05
"D","YoGI_123","EU",32,0.135503,1e-05,0.189753,0.674724,1e-05
"D","YoGI_125","EU",33,1e-05,0.117871,1e-05,0.882099,1e-05
"D","YoGI_233","EU",34,0.088505,0.014028,1e-05,0.897447,1e-05
"D","YoGI_192","EU",35,0.224931,1e-05,1e-05,0.775039,1e-05
"D","YoGI_244","EU",36,0.168836,0.265305,0.35621,0.20487,0.004779
"D","YoGI_189","EU",37,1e-05,0.177664,1e-05,0.822306,1e-05
"D","YoGI_255","EU",38,0.166558,0.746951,0.086471,1e-05,1e-05
"D","YoGI_226","EU",39,1e-05,0.655037,0.344932,1.1e-05,1e-05
"D","YoGI_225","EU",40,1e-05,0.664338,0.305287,1e-05,0.030355
"D","YoGI_224","EU",41,1e-05,0.709368,0.290602,1e-05,1e-05
"D","YoGI_120","EU",42,1e-05,0.781094,0.046427,0.172459,1e-05
"D","YoGI_222","EU",43,1e-05,0.627281,0.120951,1e-05,0.251748
"D","YoGI_188","EU",44,0.328191,0.334587,0.248387,1e-05,0.088826
"D","YoGI_190","EU",45,1e-05,0.072348,1e-05,0.927622,1e-05
"D","YoGI_223","EU",46,1e-05,0.199533,1e-05,0.800437,1e-05
"D","YoGI_155","EU",47,0.078115,0.624461,0.233232,1e-05,0.064182
"D","YoGI_151","EU",48,1e-05,0.579261,0.235763,1e-05,0.184956
"D","YoGI_117","EU",49,1e-05,0.138962,1e-05,0.861008,1e-05
"D","YoGI_156","EU",50,0.078121,0.436431,0.350362,1e-05,0.135077
"D","YoGI_183","EU",51,0.128212,0.428223,0.378718,1e-05,0.064837
"D","YoGI_109","EU",52,1e-05,0.11788,1e-05,0.88209,1e-05
"D","YoGI_159","EU",53,0.164677,0.441495,0.393808,1e-05,1e-05
"D","YoGI_129","EU",54,0.094371,0.154285,0.730307,1e-05,0.021028
"D","YoGI_252","EU",55,0.190806,0.500959,0.030889,1e-05,0.277337
"D","YoGI_256","EU",56,0.146726,0.432101,0.204195,1e-05,0.216968
"D","YoGI_187","EU",57,0.159274,0.37995,0.060733,0.077206,0.322837
"D","YoGI_157","EU",58,0.649583,0.086397,1e-05,1e-05,0.264
"D","YoGI_254","EU",59,1e-05,0.308443,1e-05,0.691527,1e-05
"D","YoGI_003","EU",60,0.393514,0.363264,0.057764,1e-05,0.185447
"D","YoGI_149","EU",61,0.145493,1e-05,1e-05,0.854477,1e-05
"D","YoGI_132","EU",62,0.003643,0.431765,0.564572,1e-05,1e-05
"D","YoGI_070","EU",63,0.341889,0.408456,0.053068,1e-05,0.196577
"D","YoGI_126","EU",64,0.056195,1e-05,0.474055,0.452481,0.01726
"D","YoGI_179","EU",65,1e-05,0.041242,1e-05,0.938994,0.019744
"D","YoGI_112","EU",66,1e-05,0.57925,0.42072,1e-05,1e-05
"D","YoGI_214","EU",67,0.112061,0.280586,0.049154,0.131131,0.427068
"D","YoGI_095","EU",68,1e-05,1e-05,0.965323,1e-05,0.034647
"D","YoGI_100","EU",69,1e-05,1e-05,0.395021,0.604949,1e-05
"D","YoGI_134","EU",70,1e-05,1e-05,0.284564,0.715406,1e-05
"D","YoGI_138","EU",71,1e-05,1e-05,0.299806,0.700164,1e-05
"D","YoGI_346","EU",72,0.070979,1e-05,0.692361,0.223067,0.013583
"D","YoGI_096","EU",73,1e-05,1.7e-05,0.389648,0.610315,1e-05
"D","YoGI_133","EU",74,1e-05,1e-05,0.295521,0.704449,1e-05
"D","YoGI_111","EU",75,1e-05,1e-05,0.327564,0.672406,1e-05
"D","YoGI_099","EU",76,1e-05,1e-05,0.461539,0.538431,1e-05
"D","YoGI_269","EU",77,1e-05,1e-05,0.103447,0.844776,0.051757
"D","YoGI_172","EU",78,1e-05,1e-05,0.262412,0.737558,1e-05
"D","YoGI_344","EU",79,1e-05,1e-05,0.169218,0.830752,1e-05
"D","YoGI_107","EU",80,1e-05,1e-05,0.99996,1e-05,1e-05
"D","YoGI_108","EU",81,1e-05,1e-05,0.99996,1e-05,1e-05
"D","YoGI_178","EU",82,1e-05,1e-05,0.273713,0.726257,1e-05
"D","YoGI_106","EU",83,1e-05,1e-05,0.99996,1e-05,1e-05
"D","YoGI_146","EU",84,0.126179,0.032553,0.774392,1e-05,0.066867
"D","YoGI_281","EU",85,1e-05,1e-05,0.10795,0.89202,1e-05
"D","YoGI_337","EU",86,0.170596,1e-05,0.232577,0.411276,0.185541
"D","YoGI_341","EU",87,0.222611,1e-05,1e-05,0.777359,1e-05
"D","YoGI_282","EU",88,0.050104,1e-05,0.949866,1e-05,1e-05
"D","YoGI_094","EU",89,0.211166,1e-05,0.788804,1e-05,1e-05
"D","YoGI_122","EU",90,0.253999,0.098696,0.602299,1e-05,0.044995
"D","YoGI_110","EU",91,1e-05,1e-05,0.167193,0.740228,0.092559
"D","YoGI_093","EU",92,0.005758,1e-05,0.994212,1e-05,1e-05
"D","YoGI_092","EU",93,1e-05,1e-05,0.99996,1e-05,1e-05
"D","YoGI_239","EU",94,1e-05,0.05553,1e-05,0.94444,1e-05
"D","YoGI_116","EU",95,1e-05,0.329552,0.122661,0.547767,1e-05
"D","YoGI_348","EU",96,0.193231,1e-05,0.346399,0.259347,0.201012
"D","YoGI_291","EU",97,1e-05,0.210578,0.607152,1e-05,0.18225
"D","YoGI_284","EU",98,0.105163,0.168767,0.460479,0.175795,0.089796
"D","YoGI_286","EU",99,0.122954,0.145807,0.453845,0.133522,0.143873
"D","YoGI_329","EU",100,0.444006,1e-05,0.312965,1e-05,0.243009
"D","YoGI_328","EU",101,0.385148,0.047997,0.339744,1e-05,0.227101
"D","YoGI_065","EU",102,0.602848,1e-05,1e-05,0.20973,0.187402
"D","YoGI_182","EU",103,0.278704,0.342853,1e-05,1e-05,0.378423
"D","YoGI_343","EU",104,0.333862,1e-05,0.334751,0.071222,0.260154
"D","YoGI_288","EU",105,0.207055,0.306195,1e-05,1e-05,0.48673
"D","YoGI_066","EU",106,0.63741,1e-05,1e-05,0.187513,0.175057
"D","YoGI_234","EU",107,0.171671,0.080443,1e-05,0.747865,1e-05
"D","YoGI_273","EU",108,0.345675,0.145498,1e-05,1e-05,0.508807
"D","YoGI_230","EU",109,0.156816,0.284751,0.180478,1e-05,0.377944
"D","YoGI_275","EU",110,0.551789,1e-05,0.060771,1e-05,0.38742
"D","YoGI_285","EU",111,0.369966,0.102021,0.27547,1e-05,0.252534
"D","YoGI_215","EU",112,0.15411,0.380578,0.107837,0.02396,0.333515
"D","YoGI_350","EU",113,0.231724,0.102646,0.29521,0.107654,0.262767
"D","YoGI_345","EU",114,0.308808,1e-05,0.2512,0.257562,0.18242
"D","YoGI_039","EU",115,1e-05,0.200296,1e-05,0.159082,0.640602
"D","YoGI_293","EU",116,0.228723,0.066289,1e-05,0.01607,0.688908
"D","YoGI_298","EU",117,0.123592,1e-05,0.126497,1e-05,0.749891
"D","YoGI_302","EU",118,1e-05,1e-05,0.05012,0.192527,0.757333
"D","YoGI_250","EU",119,0.19413,0.255067,1e-05,1e-05,0.550784
"D","YoGI_231","EU",120,0.266764,0.119677,0.258949,1e-05,0.354599
"D","YoGI_217","EU",121,0.367924,0.274851,1e-05,1e-05,0.357205
"D","YoGI_216","EU",122,0.244726,0.229032,0.021643,0.005861,0.498737
"D","YoGI_249","EU",123,0.085227,1e-05,1e-05,0.762642,0.152111
"D","YoGI_042","NAM",1,1e-05,0.663493,0.229103,1e-05,0.107383
"D","YoGI_057","NAM",2,1e-05,0.971901,0.028069,1e-05,1e-05
"D","YoGI_073","NAM",3,1e-05,0.574321,0.113984,0.189748,0.121937
"D","YoGI_069","NAM",4,0.360454,0.356943,1e-05,1e-05,0.282584
"D","YoGI_052","NAM",5,0.180924,0.680192,0.138864,1e-05,1e-05
"D","YoGI_078","NAM",6,1e-05,1e-05,0.99996,1e-05,1e-05
"D","YoGI_336","NAM",7,0.168037,0.071381,0.304143,0.219818,0.236621
"D","YoGI_014","NAM",8,0.99996,1e-05,1e-05,1e-05,1e-05
"D","YoGI_043","NAM",9,0.427336,0.175741,0.134241,0.262672,1e-05
"D","YoGI_075","NAM",10,0.081826,1e-05,1e-05,0.673018,0.245136
"D","YoGI_068","NAM",11,0.293289,0.350794,0.048799,0.151067,0.156051
"D","YoGI_056","NAM",12,1e-05,1e-05,1e-05,1e-05,0.99996
"D","YoGI_077","NAM",13,0.057072,0.197818,1e-05,0.023538,0.721562
"D","YoGI_048","NAM",14,0.195392,0.326984,0.181982,1e-05,0.295632
"D","YoGI_220","OC",1,1e-05,0.312883,1e-05,0.640327,0.04677
"D","YoGI_046","OC",2,1e-05,0.760453,0.239517,1e-05,1e-05
"D","YoGI_084","OC",3,1e-05,0.795859,0.204111,1e-05,1e-05
"D","YoGI_087","OC",4,0.202953,0.725344,0.071683,1e-05,1e-05
"D","YoGI_049","OC",5,0.165596,0.687072,0.025224,1e-05,0.122098
"D","YoGI_040","OC",6,0.231594,0.768376,1e-05,1e-05,1e-05
"D","YoGI_121","OC",7,1e-05,0.234146,0.509377,0.224914,0.031554
"D","YoGI_037","OC",8,0.969944,1e-05,1e-05,1e-05,0.030026
"D","YoGI_067","OC",9,1e-05,0.493318,1e-05,0.480614,0.026048
"D","YoGI_175","SAM",1,0.413881,1e-05,1e-05,0.586089,1e-05
"D","YoGI_051","SAM",2,1e-05,0.758955,0.219918,1e-05,0.021107
"D","YoGI_031","SAM",3,1e-05,0.166047,1e-05,0.833923,1e-05
"D","YoGI_063","SAM",4,0.020028,0.513456,0.361173,1e-05,0.105332
"D","YoGI_062","SAM",5,1e-05,0.50729,0.172349,1.3e-05,0.320337
"D","YoGI_058","SAM",6,1e-05,0.111264,1e-05,0.888706,1e-05
"D","YoGI_032","SAM",7,0.256807,0.353281,0.284418,1e-05,0.105485
"D","YoGI_324","SAM",8,0.110311,0.197569,0.028205,0.296379,0.367537
"D","YoGI_321","SAM",9,1e-05,1e-05,0.24544,0.75453,1e-05
"D","YoGI_036","SAM",10,1e-05,0.234584,0.426325,1.3e-05,0.339068
"D","YoGI_059","SAM",11,1e-05,1e-05,1e-05,0.851317,0.148653
"D","YoGI_038","SAM",12,0.140566,0.124158,1e-05,0.592982,0.142284
"D","YoGI_331","SAM",13,1e-05,0.154026,0.175822,0.205739,0.464404
"D","YoGI_005","SAM",14,0.412746,0.196021,0.108909,1e-05,0.282314
"D","YoGI_335","SAM",15,0.421429,0.158195,0.109977,0.048874,0.261525
"D","YoGI_173","N/A",1,0.421973,1e-05,1e-05,0.577997,1e-05
"D","YoGI_176","N/A",2,0.795288,1e-05,0.204682,1e-05,1e-05
"D","YoGI_177","N/A",3,0.801567,1e-05,0.198403,1e-05,1e-05
"D","YoGI_136","N/A",4,1e-05,0.021086,0.798838,0.180056,1e-05
"D","YoGI_301","N/A",5,1e-05,0.288361,0.008603,1e-05,0.703016
