"subgenome","Continent_short","Assignment","n","Proportion"
"A","AF","Admixed",16,0.5
"A","AF","Q1",3,0.09375
"A","AF","Q2",7,0.21875
"A","AF","Q3",1,0.03125
"A","AF","Q4",1,0.03125
"A","AF","Q5",4,0.125
"A","AS","Admixed",53,0.504761904761905
"A","AS","Q1",8,0.0761904761904762
"A","AS","Q2",6,0.0571428571428571
"A","AS","Q3",6,0.0571428571428571
"A","AS","Q4",5,0.0476190476190476
"A","AS","Q5",27,0.257142857142857
"A","EU","Admixed",70,0.56910569105691
"A","EU","Q1",18,0.146341463414634
"A","EU","Q2",11,0.0894308943089431
"A","EU","Q3",16,0.130081300813008
"A","EU","Q4",5,0.040650406504065
"A","EU","Q5",3,0.024390243902439
"A","NAM","Admixed",8,0.571428571428571
"A","NAM","Q1",0,0
"A","NAM","Q2",3,0.214285714285714
"A","NAM","Q3",0,0
"A","NAM","Q4",1,0.0714285714285714
"A","NAM","Q5",2,0.142857142857143
"A","OC","Admixed",4,0.444444444444444
"A","OC","Q1",0,0
"A","OC","Q2",4,0.444444444444444
"A","OC","Q3",0,0
"A","OC","Q4",1,0.111111111111111
"A","OC","Q5",0,0
"A","SAM","Admixed",7,0.466666666666667
"A","SAM","Q1",1,0.0666666666666667
"A","SAM","Q2",4,0.266666666666667
"A","SAM","Q3",2,0.133333333333333
"A","SAM","Q4",1,0.0666666666666667
"A","SAM","Q5",0,0
"A","N/A","Admixed",0,0
"A","N/A","Q1",3,0.6
"A","N/A","Q2",0,0
"A","N/A","Q3",1,0.2
"A","N/A","Q4",0,0
"A","N/A","Q5",1,0.2
"B","AF","Admixed",12,0.375
"B","AF","Q1",3,0.09375
"B","AF","Q2",7,0.21875
"B","AF","Q3",1,0.03125
"B","AF","Q4",4,0.125
"B","AF","Q5",5,0.15625
"B","AS","Admixed",56,0.533333333333333
"B","AS","Q1",12,0.114285714285714
"B","AS","Q2",4,0.0380952380952381
"B","AS","Q3",4,0.0380952380952381
"B","AS","Q4",2,0.019047619047619
"B","AS","Q5",27,0.257142857142857
"B","EU","Admixed",61,0.495934959349593
"B","EU","Q1",28,0.227642276422764
"B","EU","Q2",13,0.105691056910569
"B","EU","Q3",17,0.138211382113821
"B","EU","Q4",1,0.00813008130081301
"B","EU","Q5",3,0.024390243902439
"B","NAM","Admixed",9,0.642857142857143
"B","NAM","Q1",1,0.0714285714285714
"B","NAM","Q2",2,0.142857142857143
"B","NAM","Q3",0,0
"B","NAM","Q4",0,0
"B","NAM","Q5",2,0.142857142857143
"B","OC","Admixed",5,0.555555555555556
"B","OC","Q1",1,0.111111111111111
"B","OC","Q2",3,0.333333333333333
"B","OC","Q3",0,0
"B","OC","Q4",0,0
"B","OC","Q5",0,0
"B","SAM","Admixed",11,0.733333333333333
"B","SAM","Q1",1,0.0666666666666667
"B","SAM","Q2",2,0.133333333333333
"B","SAM","Q3",1,0.0666666666666667
"B","SAM","Q4",0,0
"B","SAM","Q5",0,0
"B","N/A","Admixed",0,0
"B","N/A","Q1",3,0.6
"B","N/A","Q2",0,0
"B","N/A","Q3",1,0.2
"B","N/A","Q4",0,0
"B","N/A","Q5",1,0.2
"D","AF","Admixed",18,0.5625
"D","AF","Q1",1,0.03125
"D","AF","Q2",4,0.125
"D","AF","Q3",0,0
"D","AF","Q4",5,0.15625
"D","AF","Q5",4,0.125
"D","AS","Admixed",60,0.571428571428571
"D","AS","Q1",5,0.0476190476190476
"D","AS","Q2",3,0.0285714285714286
"D","AS","Q3",0,0
"D","AS","Q4",12,0.114285714285714
"D","AS","Q5",25,0.238095238095238
"D","EU","Admixed",73,0.59349593495935
"D","EU","Q1",7,0.056910569105691
"D","EU","Q2",3,0.024390243902439
"D","EU","Q3",12,0.0975609756097561
"D","EU","Q4",26,0.211382113821138
"D","EU","Q5",2,0.016260162601626
"D","NAM","Admixed",9,0.642857142857143
"D","NAM","Q1",1,0.0714285714285714
"D","NAM","Q2",1,0.0714285714285714
"D","NAM","Q3",1,0.0714285714285714
"D","NAM","Q4",0,0
"D","NAM","Q5",2,0.142857142857143
"D","OC","Admixed",4,0.444444444444444
"D","OC","Q1",1,0.111111111111111
"D","OC","Q2",4,0.444444444444444
"D","OC","Q3",0,0
"D","OC","Q4",0,0
"D","OC","Q5",0,0
"D","SAM","Admixed",10,0.666666666666667
"D","SAM","Q1",0,0
"D","SAM","Q2",1,0.0666666666666667
"D","SAM","Q3",0,0
"D","SAM","Q4",4,0.266666666666667
"D","SAM","Q5",0,0
"D","N/A","Admixed",1,0.2
"D","N/A","Q1",2,0.4
"D","N/A","Q2",0,0
"D","N/A","Q3",1,0.2
"D","N/A","Q4",0,0
"D","N/A","Q5",1,0.2
