"subgenome","Continent_short","Ancestry","Mean_Q"
"A","AF","Q1",0.12430090625
"A","AF","Q2",0.3130416875
"A","AF","Q3",0.15617303125
"A","AF","Q4",0.1315218125
"A","AF","Q5",0.27496265625
"A","AS","Q1",0.153361885714286
"A","AS","Q2",0.15586700952381
"A","AS","Q3",0.131235009523809
"A","AS","Q4",0.170384371428571
"A","AS","Q5",0.389151714285714
"A","EU","Q1",0.303056016260163
"A","EU","Q2",0.205737739837398
"A","EU","Q3",0.23261806504065
"A","EU","Q4",0.183436926829268
"A","EU","Q5",0.0751512601626016
"A","NAM","Q1",0.04391
"A","NAM","Q2",0.321146928571429
"A","NAM","Q3",0.157102285714286
"A","NAM","Q4",0.278336071428571
"A","NAM","Q5",0.199504714285714
"A","OC","Q1",0.0128293333333333
"A","OC","Q2",0.555389333333333
"A","OC","Q3",0.0949824444444444
"A","OC","Q4",0.327701666666667
"A","OC","Q5",0.00909711111111111
"A","SAM","Q1",0.122298066666667
"A","SAM","Q2",0.370173733333333
"A","SAM","Q3",0.259425
"A","SAM","Q4",0.154707
"A","SAM","Q5",0.0933960666666667
"A","N/A","Q1",0.606936
"A","N/A","Q2",1.14e-05
"A","N/A","Q3",0.193044
"A","N/A","Q4",1e-05
"A","N/A","Q5",0.1999986
"B","AF","Q1",0.1564759375
"B","AF","Q2",0.34632259375
"B","AF","Q3",0.10139434375
"B","AF","Q4",0.1593885625
"B","AF","Q5",0.23641865625
"B","AS","Q1",0.237146761904762
"B","AS","Q2",0.199180523809524
"B","AS","Q3",0.108004342857143
"B","AS","Q4",0.0647062095238095
"B","AS","Q5",0.390962171428571
"B","EU","Q1",0.403649544715447
"B","EU","Q2",0.211733666666667
"B","EU","Q3",0.240432471544716
"B","EU","Q4",0.0491383170731707
"B","EU","Q5",0.0950459349593497
"B","NAM","Q1",0.283871214285714
"B","NAM","Q2",0.331155571428571
"B","NAM","Q3",0.0990427142857143
"B","NAM","Q4",0.0756572142857143
"B","NAM","Q5",0.210273357142857
"B","OC","Q1",0.220699666666667
"B","OC","Q2",0.609418777777778
"B","OC","Q3",0.0769066666666667
"B","OC","Q4",0.029573
"B","OC","Q5",0.0634018888888889
"B","SAM","Q1",0.165060666666667
"B","SAM","Q2",0.376769733333333
"B","SAM","Q3",0.178537933333333
"B","SAM","Q4",0.176917
"B","SAM","Q5",0.1027148
"B","N/A","Q1",0.608751
"B","N/A","Q2",1.12e-05
"B","N/A","Q3",0.2
"B","N/A","Q4",1e-05
"B","N/A","Q5",0.1912278
"D","AF","Q1",0.0855055
"D","AF","Q2",0.24579871875
"D","AF","Q3",0.0824774375
"D","AF","Q4",0.2758178125
"D","AF","Q5",0.31040065625
"D","AS","Q1",0.161530380952381
"D","AS","Q2",0.170436352380952
"D","AS","Q3",0.10804059047619
"D","AS","Q4",0.1464648
"D","AS","Q5",0.413527923809524
"D","EU","Q1",0.228814569105691
"D","EU","Q2",0.138336910569106
"D","EU","Q3",0.256433853658537
"D","EU","Q4",0.263284170731707
"D","EU","Q5",0.113130495934959
"D","NAM","Q1",0.197452857142857
"D","NAM","Q2",0.312114857142857
"D","NAM","Q3",0.155656785714286
"D","NAM","Q4",0.108567214285714
"D","NAM","Q5",0.226208285714286
"D","OC","Q1",0.174459666666667
"D","OC","Q2",0.530829
"D","OC","Q3",0.116661333333333
"D","OC","Q4",0.149546111111111
"D","OC","Q5",0.028504
"D","SAM","Q1",0.118389866666667
"D","SAM","Q2",0.2316584
"D","SAM","Q3",0.1421724
"D","SAM","Q4",0.337240333333333
"D","SAM","Q5",0.170539066666667
"D","N/A","Q1",0.4037696
"D","N/A","Q2",0.0618954
"D","N/A","Q3",0.2421072
"D","N/A","Q4",0.1516166
"D","N/A","Q5",0.1406112
